CREATE DATABASE  IF NOT EXISTS `bystroffdb` /*!40100 DEFAULT CHARACTER SET utf8 */;
USE `bystroffdb`;
-- MySQL dump 10.13  Distrib 5.5.16, for Win32 (x86)
--
-- Host: localhost    Database: bystroffdb
-- ------------------------------------------------------
-- Server version	5.5.29-log

/*!40101 SET @OLD_CHARACTER_SET_CLIENT=@@CHARACTER_SET_CLIENT */;
/*!40101 SET @OLD_CHARACTER_SET_RESULTS=@@CHARACTER_SET_RESULTS */;
/*!40101 SET @OLD_COLLATION_CONNECTION=@@COLLATION_CONNECTION */;
/*!40101 SET NAMES utf8 */;
/*!40103 SET @OLD_TIME_ZONE=@@TIME_ZONE */;
/*!40103 SET TIME_ZONE='+00:00' */;
/*!40014 SET @OLD_UNIQUE_CHECKS=@@UNIQUE_CHECKS, UNIQUE_CHECKS=0 */;
/*!40014 SET @OLD_FOREIGN_KEY_CHECKS=@@FOREIGN_KEY_CHECKS, FOREIGN_KEY_CHECKS=0 */;
/*!40101 SET @OLD_SQL_MODE=@@SQL_MODE, SQL_MODE='NO_AUTO_VALUE_ON_ZERO' */;
/*!40111 SET @OLD_SQL_NOTES=@@SQL_NOTES, SQL_NOTES=0 */;

--
-- Table structure for table `boxes`
--

DROP TABLE IF EXISTS `boxes`;
/*!40101 SET @saved_cs_client     = @@character_set_client */;
/*!40101 SET character_set_client = utf8 */;
CREATE TABLE `boxes` (
  `value` varchar(255) DEFAULT NULL,
  `id` int(11) NOT NULL AUTO_INCREMENT,
  `location` int(11) DEFAULT NULL,
  `sublocation` int(11) DEFAULT NULL,
  PRIMARY KEY (`id`),
  UNIQUE KEY `UNIQUE_VALUE` (`value`,`location`,`sublocation`),
  KEY `LOCATION` (`location`),
  KEY `SUBLOCATION` (`sublocation`),
  KEY `VALUE` (`value`),
  CONSTRAINT `LOCATIONS` FOREIGN KEY (`location`) REFERENCES `locations` (`id`) ON DELETE NO ACTION ON UPDATE NO ACTION,
  CONSTRAINT `SUBLOCATIONS` FOREIGN KEY (`sublocation`) REFERENCES `sublocations` (`id`) ON DELETE NO ACTION ON UPDATE NO ACTION
) ENGINE=InnoDB AUTO_INCREMENT=105 DEFAULT CHARSET=utf8;
/*!40101 SET character_set_client = @saved_cs_client */;

--
-- Dumping data for table `boxes`
--

LOCK TABLES `boxes` WRITE;
/*!40000 ALTER TABLE `boxes` DISABLE KEYS */;
INSERT INTO `boxes` VALUES (NULL,90,NULL,4),('',85,1,1),('',40,2,3),('-80.1',2,1,2),('-80.1',25,2,2),('-80.10',16,2,2),('-80.11',15,2,2),('-80.12',14,2,2),('-80.13',13,2,2),('-80.14',12,2,2),('-80.15',11,2,2),('-80.16',10,2,2),('-80.17',9,2,2),('-80.18',8,2,2),('-80.19',7,2,2),('-80.2',24,2,2),('-80.20',6,2,2),('-80.21',5,2,2),('-80.22',4,2,2),('-80.23',3,2,2),('-80.24',26,2,2),('-80.25',27,2,2),('-80.26',28,2,2),('-80.27',29,2,2),('-80.28',30,2,2),('-80.29',31,2,2),('-80.3',23,2,2),('-80.30',32,2,2),('-80.31',33,2,2),('-80.32',34,2,2),('-80.33',35,2,2),('-80.34',39,2,2),('-80.4',22,2,2),('-80.5',21,2,2),('-80.6',20,2,2),('-80.7',19,2,2),('-80.8',18,2,2),('-80.9',17,2,2),('bystrc.2',48,1,1),('bystrc.3',51,1,1),('bystrc.4',63,1,1),('Chris.1',41,1,1),('croned.1',53,1,1),('Edge Bio',38,2,2),('frasek.1',44,1,1),('frasek.2',55,1,1),('frasek.3',62,1,1),('Genscript',1,1,6),('huang.10',74,1,1),('huang.11',75,1,1),('huang.12',76,1,1),('huang.13',77,1,1),('huang.14',79,1,1),('huang.15',80,1,1),('huang.16',81,1,1),('huang.17',82,1,1),('huang.2',56,1,1),('huang.3',58,1,1),('huang.4',59,1,1),('huang.5',61,1,1),('huang.6',84,1,1),('huang.7',71,1,1),('huang.8',72,1,1),('huang.9',73,1,1),('huangy2.1',50,1,1),('Impact T7',86,1,1),('macars.1',43,1,1),('macars.2',45,1,1),('nick.1',64,1,1),('other.1',54,1,1),('other.10',78,1,1),('other.2',57,1,1),('other.3',60,1,1),('other.4',65,1,1),('other.5',66,1,1),('other.6',67,1,1),('other.7',68,1,1),('other.8',69,1,1),('other.9',70,1,1),('pitmad.1',46,1,1),('pitmad.2',49,1,1),('reedep.1',52,1,1),('schenc3.1',42,1,1),('schenc3.1',88,2,1),('soensz.1',47,1,1),('soenz.2',87,1,1),('t11SP/t11m',37,2,2),('t7SP/t11SP',36,2,2),('teetsf.1',83,1,1),('Top shelf, right side',89,1,5);
/*!40000 ALTER TABLE `boxes` ENABLE KEYS */;
UNLOCK TABLES;

--
-- Table structure for table `locations`
--

DROP TABLE IF EXISTS `locations`;
/*!40101 SET @saved_cs_client     = @@character_set_client */;
/*!40101 SET character_set_client = utf8 */;
CREATE TABLE `locations` (
  `id` int(11) NOT NULL AUTO_INCREMENT,
  `value` varchar(255) NOT NULL,
  PRIMARY KEY (`id`)
) ENGINE=InnoDB AUTO_INCREMENT=3 DEFAULT CHARSET=utf8;
/*!40101 SET character_set_client = @saved_cs_client */;

--
-- Dumping data for table `locations`
--

LOCK TABLES `locations` WRITE;
/*!40000 ALTER TABLE `locations` DISABLE KEYS */;
INSERT INTO `locations` VALUES (1,'3C07'),(2,'3W01');
/*!40000 ALTER TABLE `locations` ENABLE KEYS */;
UNLOCK TABLES;

--
-- Table structure for table `owners`
--

DROP TABLE IF EXISTS `owners`;
/*!40101 SET @saved_cs_client     = @@character_set_client */;
/*!40101 SET character_set_client = utf8 */;
CREATE TABLE `owners` (
  `id` int(11) NOT NULL AUTO_INCREMENT,
  `name` varchar(255) DEFAULT NULL,
  PRIMARY KEY (`id`),
  UNIQUE KEY `name_UNIQUE` (`name`)
) ENGINE=InnoDB AUTO_INCREMENT=11 DEFAULT CHARSET=utf8;
/*!40101 SET character_set_client = @saved_cs_client */;

--
-- Dumping data for table `owners`
--

LOCK TABLES `owners` WRITE;
/*!40000 ALTER TABLE `owners` DISABLE KEYS */;
INSERT INTO `owners` VALUES (1,'Chris'),(6,'ChrisChris'),(3,'Derek'),(8,'Eric'),(5,'Frank'),(10,'Keith'),(2,'Ming'),(9,'Shounak'),(7,'Steve'),(4,'Zach');
/*!40000 ALTER TABLE `owners` ENABLE KEYS */;
UNLOCK TABLES;

--
-- Table structure for table `samples`
--

DROP TABLE IF EXISTS `samples`;
/*!40101 SET @saved_cs_client     = @@character_set_client */;
/*!40101 SET character_set_client = utf8 */;
CREATE TABLE `samples` (
  `ID` int(50) NOT NULL AUTO_INCREMENT,
  `Name_of_Sample` varchar(75) DEFAULT NULL,
  `row` varchar(3) DEFAULT NULL,
  `col` varchar(3) DEFAULT NULL,
  `Volume` varchar(30) DEFAULT NULL,
  `Purity` varchar(30) DEFAULT NULL,
  `Concentration` varchar(30) DEFAULT NULL,
  `Date` date DEFAULT NULL,
  `Amount` varchar(30) DEFAULT NULL,
  `Gi_number` varchar(30) DEFAULT NULL,
  `Sequence` varchar(20000) DEFAULT NULL,
  `Comments` varchar(500) DEFAULT NULL,
  `DNA_Linear_or_circular` char(1) DEFAULT NULL,
  `DNA_Number_of_Strands` tinyint(1) DEFAULT NULL,
  `DNA_Phosphorylated` tinyint(1) DEFAULT NULL,
  `DNA_Circular_Supercoiled_or_Relaxed` char(1) DEFAULT NULL,
  `DNA_circular_relaxed_number_of_nicks` tinyint(1) DEFAULT NULL,
  `Protein_Status` varchar(100) DEFAULT NULL,
  `Cell_line_Status` varchar(100) DEFAULT NULL,
  `Cell_source` varchar(1000) DEFAULT NULL,
  `Location` int(11) DEFAULT NULL,
  `Sublocation` int(11) DEFAULT NULL,
  `Box` int(11) DEFAULT NULL,
  `Owner` int(11) DEFAULT NULL,
  `Type` int(11) DEFAULT NULL,
  `last_update` timestamp NOT NULL DEFAULT CURRENT_TIMESTAMP ON UPDATE CURRENT_TIMESTAMP,
  PRIMARY KEY (`ID`),
  KEY `box_idx` (`Box`),
  KEY `sublocation_idx` (`Sublocation`),
  KEY `owner_idx` (`Owner`),
  KEY `type_idx` (`Type`),
  KEY `date_idx` (`Date`),
  KEY `last_updated_idx` (`last_update`),
  KEY `location_idx` (`Location`),
  CONSTRAINT `box` FOREIGN KEY (`Box`) REFERENCES `boxes` (`id`) ON DELETE NO ACTION ON UPDATE NO ACTION,
  CONSTRAINT `owner` FOREIGN KEY (`Owner`) REFERENCES `owners` (`id`) ON DELETE NO ACTION ON UPDATE NO ACTION,
  CONSTRAINT `sublocation` FOREIGN KEY (`Sublocation`) REFERENCES `sublocations` (`id`) ON DELETE NO ACTION ON UPDATE NO ACTION,
  CONSTRAINT `type` FOREIGN KEY (`Type`) REFERENCES `types` (`id`) ON DELETE NO ACTION ON UPDATE NO ACTION
) ENGINE=InnoDB AUTO_INCREMENT=1193 DEFAULT CHARSET=latin1;
/*!40101 SET character_set_client = @saved_cs_client */;

--
-- Dumping data for table `samples`
--

LOCK TABLES `samples` WRITE;
/*!40000 ALTER TABLE `samples` DISABLE KEYS */;
INSERT INTO `samples` VALUES (64,'','','','0.000','0.000','0.00000','0000-00-00','0.000','','','','',0,0,'',0,'','','',1,1,41,NULL,NULL,'0000-00-00 00:00:00'),(66,'R11_Clink','1','1','0.000','0.000','0.00000','2011-03-14','0.000','','GGTGGTTTTCAGATGATGGTTGC','57795805','L',1,0,'',0,'','','',1,1,41,1,1,'0000-00-00 00:00:00'),(76,'','','','0.000','0.000','0.00000','0000-00-00','0.000','','','','',0,0,'',0,'','','',1,1,42,NULL,NULL,'0000-00-00 00:00:00'),(77,'','','','0.000','0.000','0.00000','0000-00-00','0.000','','','','',0,0,'',0,'','','',1,1,43,NULL,NULL,'0000-00-00 00:00:00'),(78,'','','','0.000','0.000','0.00000','0000-00-00','0.000','','','','',0,0,'',0,'','','',1,1,44,NULL,NULL,'0000-00-00 00:00:00'),(79,'','','','0.000','0.000','0.00000','0000-00-00','0.000','','','','',0,0,'',0,'','','',1,1,45,NULL,NULL,'0000-00-00 00:00:00'),(80,'','','','0.000','0.000','0.00000','0000-00-00','0.000','','','','',0,0,'',0,'','','',1,1,46,NULL,NULL,'0000-00-00 00:00:00'),(81,'','','','0.000','0.000','0.00000','0000-00-00','0.000','','','','',0,0,'',0,'','','',1,1,47,NULL,NULL,'0000-00-00 00:00:00'),(82,'','','','0.000','0.000','0.00000','0000-00-00','0.000','','','','',0,0,'',0,'','','',1,1,48,NULL,NULL,'0000-00-00 00:00:00'),(83,'','','','0.000','0.000','0.00000','0000-00-00','0.000','','','','',0,0,'',0,'','','',1,1,49,NULL,NULL,'0000-00-00 00:00:00'),(84,'','','','0.000','0.000','0.00000','0000-00-00','0.000','','','','',0,0,'',0,'','','',1,1,50,NULL,NULL,'0000-00-00 00:00:00'),(85,'','','','0.000','0.000','0.00000','0000-00-00','0.000','','','','',0,0,'',0,'','','',1,1,51,NULL,NULL,'0000-00-00 00:00:00'),(86,'','','','0.000','0.000','0.00000','0000-00-00','0.000','','','','',0,0,'',0,'','','',1,1,52,NULL,NULL,'0000-00-00 00:00:00'),(87,'','','','0.000','0.000','0.00000','0000-00-00','0.000','','','','',0,0,'',0,'','','',1,1,53,NULL,NULL,'0000-00-00 00:00:00'),(88,'','','','0.000','0.000','0.00000','0000-00-00','0.000','','','','',0,0,'',0,'','','',1,1,54,NULL,NULL,'0000-00-00 00:00:00'),(89,'','','','0.000','0.000','0.00000','0000-00-00','0.000','','','','',0,0,'',0,'','','',1,1,55,NULL,NULL,'0000-00-00 00:00:00'),(90,'','','','0.000','0.000','0.00000','0000-00-00','0.000','','','','',0,0,'',0,'','','',1,1,56,NULL,NULL,'0000-00-00 00:00:00'),(91,'','','','0.000','0.000','0.00000','0000-00-00','0.000','','','','',0,0,'',0,'','','',1,1,57,NULL,NULL,'0000-00-00 00:00:00'),(92,'','','','0.000','0.000','0.00000','0000-00-00','0.000','','','','',0,0,'',0,'','','',1,1,58,NULL,NULL,'0000-00-00 00:00:00'),(93,'','','','0.000','0.000','0.00000','0000-00-00','0.000','','','','',0,0,'',0,'','','',1,1,59,NULL,NULL,'0000-00-00 00:00:00'),(94,'','','','0.000','0.000','0.00000','0000-00-00','0.000','','','','',0,0,'',0,'','','',1,1,60,NULL,NULL,'0000-00-00 00:00:00'),(95,'','','','0.000','0.000','0.00000','0000-00-00','0.000','','','','',0,0,'',0,'','','',1,1,61,NULL,NULL,'0000-00-00 00:00:00'),(96,'','','','0.000','0.000','0.00000','0000-00-00','0.000','','','','',0,0,'',0,'','','',1,1,62,NULL,NULL,'0000-00-00 00:00:00'),(97,'','','','0.000','0.000','0.00000','0000-00-00','0.000','','','','',0,0,'',0,'','','',1,1,63,NULL,NULL,'0000-00-00 00:00:00'),(98,'','','','0.000','0.000','0.00000','0000-00-00','0.000','','','','',0,0,'',0,'','','',1,1,64,NULL,NULL,'0000-00-00 00:00:00'),(99,'','','','0.000','0.000','0.00000','0000-00-00','0.000','','','','',0,0,'',0,'','','',1,1,65,NULL,NULL,'0000-00-00 00:00:00'),(100,'','','','0.000','0.000','0.00000','0000-00-00','0.000','','','','',0,0,'',0,'','','',1,1,66,NULL,NULL,'0000-00-00 00:00:00'),(101,'','','','0.000','0.000','0.00000','0000-00-00','0.000','','','','',0,0,'',0,'','','',1,1,67,NULL,NULL,'0000-00-00 00:00:00'),(102,'','','','0.000','0.000','0.00000','0000-00-00','0.000','','','','',0,0,'',0,'','','',1,1,68,NULL,NULL,'0000-00-00 00:00:00'),(103,'','','','0.000','0.000','0.00000','0000-00-00','0.000','','','','',0,0,'',0,'','','',1,1,69,NULL,NULL,'0000-00-00 00:00:00'),(104,'','','','0.000','0.000','0.00000','0000-00-00','0.000','','','','',0,0,'',0,'','','',1,1,70,NULL,NULL,'0000-00-00 00:00:00'),(105,'','','','0.000','0.000','0.00000','0000-00-00','0.000','','','','',0,0,'',0,'','','',1,1,71,NULL,NULL,'0000-00-00 00:00:00'),(106,'','','','0.000','0.000','0.00000','0000-00-00','0.000','','','','',0,0,'',0,'','','',1,1,72,NULL,NULL,'0000-00-00 00:00:00'),(107,'','','','0.000','0.000','0.00000','0000-00-00','0.000','','','','',0,0,'',0,'','','',1,1,73,NULL,NULL,'0000-00-00 00:00:00'),(108,'','','','0.000','0.000','0.00000','0000-00-00','0.000','','','','',0,0,'',0,'','','',1,1,74,NULL,NULL,'0000-00-00 00:00:00'),(109,'','','','0.000','0.000','0.00000','0000-00-00','0.000','','','','',0,0,'',0,'','','',1,1,75,NULL,NULL,'0000-00-00 00:00:00'),(110,'','','','0.000','0.000','0.00000','0000-00-00','0.000','','','','',0,0,'',0,'','','',1,1,76,NULL,NULL,'0000-00-00 00:00:00'),(111,'','','','0.000','0.000','0.00000','0000-00-00','0.000','','','','',0,0,'',0,'','','',1,1,77,NULL,NULL,'0000-00-00 00:00:00'),(112,'','','','0.000','0.000','0.00000','0000-00-00','0.000','','','','',0,0,'',0,'','','',1,1,78,NULL,NULL,'0000-00-00 00:00:00'),(113,'','','','0.000','0.000','0.00000','0000-00-00','0.000','','','','',0,0,'',0,'','','',1,1,79,NULL,NULL,'0000-00-00 00:00:00'),(114,'','','','0.000','0.000','0.00000','0000-00-00','0.000','','','','',0,0,'',0,'','','',1,1,80,NULL,NULL,'0000-00-00 00:00:00'),(115,'','','','0.000','0.000','0.00000','0000-00-00','0.000','','','','',0,0,'',0,'','','',1,1,81,NULL,NULL,'0000-00-00 00:00:00'),(116,'','','','0.000','0.000','0.00000','0000-00-00','0.000','','','','',0,0,'',0,'','','',1,1,82,NULL,NULL,'0000-00-00 00:00:00'),(151,'','','','0.000','0.000','0.00000','0000-00-00','0.000','','','','',0,0,'',0,'','','',2,2,2,NULL,NULL,'0000-00-00 00:00:00'),(152,'','','','0.000','0.000','0.00000','0000-00-00','0.000','','','','',0,0,'',0,'','','',2,2,24,NULL,NULL,'0000-00-00 00:00:00'),(153,'','','','0.000','0.000','0.00000','0000-00-00','0.000','','','','',0,0,'',0,'','','',2,2,23,NULL,NULL,'0000-00-00 00:00:00'),(154,'','','','0.000','0.000','0.00000','0000-00-00','0.000','','','','',0,0,'',0,'','','',2,2,22,NULL,NULL,'0000-00-00 00:00:00'),(155,'','','','0.000','0.000','0.00000','0000-00-00','0.000','','','','',0,0,'',0,'','','',2,2,21,NULL,NULL,'0000-00-00 00:00:00'),(156,'','','','0.000','0.000','0.00000','0000-00-00','0.000','','','','',0,0,'',0,'','','',2,2,20,NULL,NULL,'0000-00-00 00:00:00'),(157,'','','','0.000','0.000','0.00000','0000-00-00','0.000','','','','',0,0,'',0,'','','',2,2,19,NULL,NULL,'0000-00-00 00:00:00'),(158,'','','','0.000','0.000','0.00000','0000-00-00','0.000','','','','',0,0,'',0,'','','',2,2,18,NULL,NULL,'0000-00-00 00:00:00'),(159,'','','','0.000','0.000','0.00000','0000-00-00','0.000','','','','',0,0,'',0,'','','',2,2,17,NULL,NULL,'0000-00-00 00:00:00'),(160,'','','','0.000','0.000','0.00000','0000-00-00','0.000','','','','',0,0,'',0,'','','',2,2,16,NULL,NULL,'0000-00-00 00:00:00'),(161,'','','','0.000','0.000','0.00000','0000-00-00','0.000','','','','',0,0,'',0,'','','',2,2,15,NULL,NULL,'0000-00-00 00:00:00'),(162,'','','','0.000','0.000','0.00000','0000-00-00','0.000','','','','',0,0,'',0,'','','',2,2,14,NULL,NULL,'0000-00-00 00:00:00'),(163,'','','','0.000','0.000','0.00000','0000-00-00','0.000','','','','',0,0,'',0,'','','',2,2,13,NULL,NULL,'0000-00-00 00:00:00'),(164,'','','','0.000','0.000','0.00000','0000-00-00','0.000','','','','',0,0,'',0,'','','',2,2,12,NULL,NULL,'0000-00-00 00:00:00'),(165,'','','','0.000','0.000','0.00000','0000-00-00','0.000','','','','',0,0,'',0,'','','',2,2,11,NULL,NULL,'0000-00-00 00:00:00'),(166,'','','','0.000','0.000','0.00000','0000-00-00','0.000','','','','',0,0,'',0,'','','',2,2,10,NULL,NULL,'0000-00-00 00:00:00'),(167,'','','','0.000','0.000','0.00000','0000-00-00','0.000','','','','',0,0,'',0,'','','',2,2,9,NULL,NULL,'0000-00-00 00:00:00'),(168,'','','','0.000','0.000','0.00000','0000-00-00','0.000','','','','',0,0,'',0,'','','',2,2,8,NULL,NULL,'0000-00-00 00:00:00'),(169,'','','','0.000','0.000','0.00000','0000-00-00','0.000','','','','',0,0,'',0,'','','',2,2,7,NULL,NULL,'0000-00-00 00:00:00'),(170,'','','','0.000','0.000','0.00000','0000-00-00','0.000','','','','',0,0,'',0,'','','',2,2,6,NULL,NULL,'0000-00-00 00:00:00'),(171,'','','','0.000','0.000','0.00000','0000-00-00','0.000','','','','',0,0,'',0,'','','',2,2,5,NULL,NULL,'0000-00-00 00:00:00'),(172,'','','','0.000','0.000','0.00000','0000-00-00','0.000','','','','',0,0,'',0,'','','',2,2,4,NULL,NULL,'0000-00-00 00:00:00'),(173,'','','','0.000','0.000','0.00000','0000-00-00','0.000','','','','',0,0,'',0,'','','',2,2,3,NULL,NULL,'0000-00-00 00:00:00'),(174,'','','','0.000','0.000','0.00000','0000-00-00','0.000','','','','',0,0,'',0,'','','',2,2,26,NULL,NULL,'0000-00-00 00:00:00'),(175,'','','','0.000','0.000','0.00000','0000-00-00','0.000','','','','',0,0,'',0,'','','',2,2,27,NULL,NULL,'0000-00-00 00:00:00'),(176,'','','','0.000','0.000','0.00000','0000-00-00','0.000','','','','',0,0,'',0,'','','',2,2,28,NULL,NULL,'0000-00-00 00:00:00'),(177,'','','','0.000','0.000','0.00000','0000-00-00','0.000','','','','',0,0,'',0,'','','',2,2,29,NULL,NULL,'0000-00-00 00:00:00'),(178,'','','','0.000','0.000','0.00000','0000-00-00','0.000','','','','',0,0,'',0,'','','',2,2,30,NULL,NULL,'0000-00-00 00:00:00'),(179,'','','','0.000','0.000','0.00000','0000-00-00','0.000','','','','',0,0,'',0,'','','',2,2,31,NULL,NULL,'0000-00-00 00:00:00'),(180,'','','','0.000','0.000','0.00000','0000-00-00','0.000','','','','',0,0,'',0,'','','',2,2,32,NULL,NULL,'0000-00-00 00:00:00'),(181,'','','','0.000','0.000','0.00000','0000-00-00','0.000','','','','',0,0,'',0,'','','',2,2,33,NULL,NULL,'0000-00-00 00:00:00'),(182,'','','','0.000','0.000','0.00000','0000-00-00','0.000','','','','',0,0,'',0,'','','',2,2,34,NULL,NULL,'0000-00-00 00:00:00'),(183,'','','','0.000','0.000','0.00000','0000-00-00','0.000','','','','',0,0,'',0,'','','',2,2,35,NULL,NULL,'0000-00-00 00:00:00'),(185,'DHFR[3] Oligos','','','0.000','0.000','0.00000','2011-09-21','0.000','','','Multiple oligos for DHFR[3] assembly PCR','L',0,0,'',0,'','','',1,1,47,NULL,1,'0000-00-00 00:00:00'),(186,'DHFR[1,2] Oligos','','','0.000','0.000','0.00000','2011-09-21','0.000','','','Multiple oligos for DHFR[1,2] assembly PCR','L',0,0,'',0,'','','',1,1,47,NULL,1,'0000-00-00 00:00:00'),(187,'T1-1','','','0.000','0.000','0.00000','0000-00-00','0.000','','ATGGTAACCGGATCCGGCAGCGGCACCGCAAGTAAAGTAGACATGGGTTGGATAGTCGGAGGCAGTTCTGTTTACCAGGAAGCCATGAATCAACCAGGCCACCTCAGACTCTTTGTGACAAGGATCATGCAGGAATTTGAAAGTGACACGTTTTTCCCAGAAATTGATTTGGGGAAATATAAACTTCTCCCAGAATACCCAGGCGTCCTCTCTGAGGTCCAGGAGGAAAAAGGCATCAAGTATAAGTTTGAAGTCTACGAGAAGAAAGACTAA','DUET containing DHFR[3].\r\nSequence is within MCS1 (starting within NcoI and ending at EcoRI)','C',0,0,'',0,'','','',1,1,47,NULL,1,'0000-00-00 00:00:00'),(188,'T1-2','','','0.000','0.000','0.00000','0000-00-00','0.000','','[Frameshift]','DUET containing DHFR[3].\r\nContains frameshift mutation; sequence not listed','C',0,0,'',0,'','','',1,1,47,NULL,1,'0000-00-00 00:00:00'),(189,'T1-3','','','0.000','0.000','0.00000','0000-00-00','0.000','','[Not sequenced]','DUET containing DHFR[3].\r\nRestriction digest failed; not sequenced','C',0,0,'',0,'','','',1,1,47,NULL,1,'0000-00-00 00:00:00'),(190,'T2-1','','','0.000','0.000','0.00000','0000-00-00','0.000','','ATGGTAACCGGATCCGGCAGCGGCACCGCAAGTAAAGTAGACATGGTTTGGATAGTCGGAGGCAGTTCTGTTTACCAGGAAGCCATGAATCAACCAGGCCACCTCAGACTCTTTGTGACAAGGATCATGCAGGAATTTGAAAGTGACACATTTTTCCCAGAAATTGATTTGGGGAAATATAAACTTCTCCCAGAATACCCAGGCGTCCTCTCTGAGGTCCAGGAGGAAAAAGGCATCAAGTATAAGTTTGAAGTCTACGAGAAGAAAGACTAA','DUET containing DHFR[3].\r\nSequence is within MCS1 (starting within NcoI and ending at EcoRI)','C',0,0,'',0,'','','',1,1,47,NULL,1,'0000-00-00 00:00:00'),(191,'T2-2','','','0.000','0.000','0.00000','0000-00-00','0.000','','[Frameshift]','DUET containing DHFR[3].\r\nContains frameshift mutation; sequence not listed','C',0,0,'',0,'','','',1,1,47,NULL,1,'0000-00-00 00:00:00'),(192,'T2-3','','','0.000','0.000','0.00000','0000-00-00','0.000','','ATGGTAACCGGATCCGGCAGCGGCACCGCAAGTAAAGTAGACATGGTTTGGATAGTCGGAGGCAGTATTGTTTACCAGGAAGCCATGAATCAACCAGGCCACCTCAGACTCTTTGTGACAAGGATCATGCAGGAATTTGAAAGTGACACGTTTTTCCCAGAAATTGATTTGGGGAAATATAAACTTCTCCCAGAATACCCCGGCGTCCTCTCTGAGGTCCAGGAGGAAAAAGGCATCAAGTATAAGTTTGAAGTCTACGAGAAGAAAGACTAA','DUET containing DHFR[3].\r\nSequence is within MCS1 (starting within NcoI and ending at EcoRI)','C',0,0,'',0,'','','',1,1,47,NULL,1,'0000-00-00 00:00:00'),(193,'DUET mDHFR[3]','','','0.000','0.000','4.76000','0000-00-00','0.000','','ATGGTAACCGGATCCGGCAGCGGCACCGCAAGTAAAGTAGACATGGGTTGGATAGTCGGAGGCAGTTCTGTTTACCAGGAAGCCATGAATCAACCAGGCCACCTCAGACTCTTTGTGACAAGGATCATGCAGGAATTTGAAAGTGACACGTTTTTCCCAGAAATTGATTTGGGGAAATATAAACTTCTCCCAGAATACCCAGGCGTCCTCTCTGAGGTCCAGGAGGAAAAAGGCATCAAGTATAAGTTTGAAGTCTACGAGAAGAAAGACTAA','Five identical tubes.\r\nSequence is within MCS1 (starting within NcoI and ending at EcoRI)','C',0,0,'',0,'','','',1,1,47,NULL,1,'0000-00-00 00:00:00'),(194,'LOO7 Oligo Mix','','','0.000','0.000','0.00000','0000-00-00','0.000','','','','C',0,0,'',0,'','','',1,1,47,NULL,1,'0000-00-00 00:00:00'),(195,'DUET mDHFR[3] Pseudo','','','0.000','0.000','0.00000','0000-00-00','0.000','','ATGGTAACCGGATCCGGCAGCGGCACCGCAAGTAAAGTAGACATGGGTTGGATAGTCGGAGGCAGTTCTGTTTACCAGGAAGCCATGAATCAACCAGGCCACCTCAGACTCTTTGTGACAAGGATCATGCAGGAATTTGAAAGTGACACGTTTTTCCCAGAAATTGATTTGGGGAAATATAAACTTCTCCCAGAATACCCAGGCGTCCTCTCTGAGGTCCAGGAGGAAAAAGGCATCAAGTATAAGTTTGAAGTCTACGAGAAGAAAGACTAA','Sequence is within MCS1 (starting within NcoI and ending at EcoRI)','C',0,0,'',0,'','','',1,1,47,NULL,1,'0000-00-00 00:00:00'),(196,'1:3-1/s7 Ligation','','','0.000','0.000','0.00000','0000-00-00','0.000','','','DHFR Unfused + s7','C',0,0,'',0,'','','',1,1,47,NULL,1,'0000-00-00 00:00:00'),(197,'LOO7 GFP Nco/Bam','','','0.000','0.000','0.00000','0000-00-00','0.000','','','','C',0,0,'',0,'','','',1,1,47,NULL,1,'0000-00-00 00:00:00'),(198,'DUET DHFR Nco/Bam s7','','','0.000','0.000','0.00000','0000-00-00','0.000','','','DHFR Unfused + s7','C',0,0,'',0,'','','',1,1,47,NULL,1,'0000-00-00 00:00:00'),(199,'s7_Spe1 Anneal','','','0.000','0.000','0.00000','0000-00-00','0.000','','','','',0,0,'',0,'','','',1,1,47,NULL,1,'0000-00-00 00:00:00'),(200,'s7_Spe1 Kinase','','','0.000','0.000','0.00000','0000-00-00','0.000','','','','',0,0,'',0,'','','',1,1,47,NULL,NULL,'0000-00-00 00:00:00'),(201,'s7 Oligos','','','0.000','0.000','0.00000','0000-00-00','0.000','','','Oligos for s7 assembly PCR','L',0,0,'',0,'','','',1,1,47,NULL,1,'0000-00-00 00:00:00'),(202,'DHFR[1,2] + [3] + s7 + LOO7 Ligatio','','','0.000','0.000','0.00000','0000-00-00','0.000','','ATCGGCCGGCCACGCGATCGCTGACGTCGGTACCCTCGAGTCTGGTAAAGAAACCGCTGCTGCGAAATTTGAACGCCAGCACATGGACTCGTCTACTAGCGCAGCTTAATTAACCTAGGCTGCTGCCACCGCTGAGCAATAACTAGCATAACCCCTTGGGGCCTCTAAACGGGTCTTGAGGGGTTTTTTGCTGAAACCTCAGGCATTTGAGAAGCACACGGTCACACTGCTTCCGGTAGTCAATAAATCGATAAACCAGCAATAGACATAAGCGGCTATTTAACGACCCTGCCCTGAACCGACGACCGGGTCATCGTGGCCGGATCTTGCGGCCCCTCGGCTTGAACGAATTGTTAGACATTATTTGCCGACTACCTTGGTGATCTCGCCTTTCACGTAGTGGACAAATTCTTCCAACTGATCTGCGCGCGAGGCCAAGCGATCTTCTTCTTGTCCAAGATAAGCCTGTCTAGCTTCAAGTATGACGGGCTGATACTGGGCCGGCAGGCGCTCCATTGCCCAGTCGGCAGCGACATCCTTCGGCGCGATTTTGCCGGTTACTGCGCTGTACCAAATGCGGGACAACGTAAGCACTACATTTCGCTCATCGCCAGCCCAGTCGGGCGGCGAGTTCCATAGCGTTAAGGTTTCATTTAGCGCCTCAAATAGATCCTGTTCAGGAACCGGATCAAAGAGTTCCTCCGCCGCTGGACCTACCAAGGCAACGCTATGTTCTCTTGCTTTTGTCAGCAAGATAGCCAGATCAATGTCGATCGTGGCTGGCTCGAAGATACCTGCAAGAATGTCATTGCGCTGCCATTCTCCAAATTGCAGTTCGCGCTTAGCTGGATAACGCCACGGAATGATGTCGTCGTGCACAACAATGGTGACTTCTACAGCGCGGAGAATCTCGCTCTCTCCAGGGGAAGCCGAAGTTTCCAAAAGGTCGTTGATCAAAGCTCGCCGCGTTGTTTCATCAAGCCTTACGGTCACCGTAACCAGCAAATCAATATCACTGTGTGGCTTCAGGCCGCCATCCACTGCGGAGCCGTACAAATGTACGGCCAGCAACGTCGGTTCGAGATGGCGCTCGATGACGCCAACTACCTCTGATAGTTGAGTCGATACTTCGGCGATCACCGCTTCCCTCATACTCTTCCTTTTTCAATATTATTGAAGCATTTATCAGGGTTATTGTCTCATGAGCGGATACATATTTGAATGTATTTAGAAAAATAAACAAATAGCTAGCTCACTCGGTCGCTACGCTCCGGGCGTGAGACTGCGGCGGGCGCTGCGGACACATACAAAGTTACCCACAGATTCCGTGGATAAGCAGGGGACTAACATGTGAGGCAAAACAGCAGGGCCGCGCCGGTGGCGTTTTTCCATAGGCTCCGCCCTCCTGCCAGAGTTCACATAAACAGACGCTTTTCCGGTGCATCTGTGGGAGCCGTGAGGCTCAACCATGAATCTGACAGTACGGGCGAAACCCGACAGGACTTAAAGATCCCCACCGTTTCCGGCGGGTCGCTCCCTCTTGCGCTCTCCTGTTCCGACCCTGCCGTTTACCGGATACCTGTTCCGCCTTTCTCCCTTACGGGAAGTGTGGCGCTTTCTCATAGCTCACACACTGGTATCTCGGCTCGGTGTAGGTCGTTCGCTCCAAGCTGGGCTGTAAGCAAGAACTCCCCGTTCAGCCCGACTGCTGCGCCTTATCCGGTAACTGTTCACTTGAGTCCAACCCGGAAAAGCACGGTAAAACGCCACTGGCAGCAGCCATTGGTAACTGGGAGTTCGCAGAGGATTTGTTTAGCTAAACACGCGGTTGCTCTTGAAGTGTGCGCCAAAGTCCGGCTACACTGGAAGGACAGATTTGGTTGCTGTGCTCTGCGAAAGCCAGTTACCACGGTTAAGCAGTTCCCCAACTGACTTAACCTTCGATCAAACCACCTCCCCAGGTGGTTTTTTCGTTTACAGGGCAAAAGATTACGCGCAGAAAAAAAGGATCTCAAGAAGATCCTTTGATCTTTTCTACTGAACCGCTCTAGATTTCAGTGCAATTTATCTCTTCAAATGTAGCACCTGAAGTCAGCCCCATACGATATAAGTTGTAATTCTCATGTTAGTCATGCCCCGCGCCCACCGGAAGGAGCTGACTGGGTTGAAGGCTCTCAAGGGCATCGGTCGAGATCCCGGTGCCTAATGAGTGAGCTAACTTACATTAATTGCGTTGCGCTCACTGCCCGCTTTCCAGTCGGGAAACCTGTCGTGCCAGCTGCATTAATGAATCGGCCAACGCGCGGGGAGAGGCGGTTTGCGTATTGGGCGCCAGGGTGGTTTTTCTTTTCACCAGTGAGACGGGCAACAGCTGATTGCCCTTCACCGCCTGGCCCTGAGAGAGTTGCAGCAAGCGGTCCACGCTGGTTTGCCCCAGCAGGCGAAAATCCTGTTTGATGGTGGTTAACGGCGGGATATAACATGAGCTGTCTTCGGTATCGTCGTATCCCACTACCGAGATGTCCGCACCAACGCGCAGCCCGGACTCGGTAATGGCGCGCATTGCGCCCAGCGCCATCTGATCGTTGGCAACCAGCATCGCAGTGGGAACGATGCCCTCATTCAGCATTTGCATGGTTTGTTGAAAACCGGACATGGCACTCCAGTCGCCTTCCCGTTCCGCTATCGGCTGAATTTGATTGCGAGTGAGATATTTATGCCAGCCAGCCAGACGCAGACGCGCCGAGACAGAACTTAATGGGCCCGCTAACAGCGCGATTTGCTGGTGACCCAATGCGACCAGATGCTCCACGCCCAGTCGCGTACCGTCTTCATGGGAGAAAATAATACTGTTGATGGGTGTCTGGTCAGAGACATCAAGAAATAACGCCGGAACATTAGTGCAGGCAGCTTCCACAGCAATGGCATCCTGGTCATCCAGCGGATAGTTAATGATCAGCCCACTGACGCGTTGCGCGAGAAGATTGTGCACCGCCGCTTTACAGGCTTCGACGCCGCTTCGTTCTACCATCGACACCACCACGCTGGCACCCAGTTGATCGGCGCGAGATTTAATCGCCGCGACAATTTGCGACGGCGCGTGCAGGGCCAGACTGGAGGTGGCAACGCCAATCAGCAACGACTGTTTGCCCGCCAGTTGTTGTGCCACGCGGTTGGGAATGTAATTCAGCTCCGCCATCGCCGCTTCCACTTTTTCCCGCGTTTTCGCAGAAACGTGGCTGGCCTGGTTCACCACGCGGGAAACGGTCTGATAAGAGACACCGGCATACTCTGCGACATCGTATAACGTTACTGGTTTCACATTCACCACCCTGAATTGACTCTCTTCCGGGCGCTATCATGCCATACCGCGAAAGGTTTTGCGCCATTCGATGGTGTCCGGGATCTCGACGCTCTCCCTTATGCGACTCCTGCATTAGGAAATTAATACGACTCACTATAGGGGAATTGTGAGCGGATAACAATTCCCCTGTAGAAATAATTTTGTTTAACTTTAATAAGGAGATATACCATGGCTAGCAGCGGCAAACAAAAGAATGGAATCAAAGCTAACTTCACCGTGCGCCACAACGTGGAAGATGGCTCCGTTCAACTAGCAGACCATTATCAACAAAATACTCCAATTGGCGATGGCCCTGTCCTTTTACCAGACAACCATTACCTGTCGACACAAACCGTGCTTTCGAAAGATCCCAACGAAAAGCGTGACCACATGGTCCTTCTTGAGTTTGTAACTGCTGCTGGGATTACACATGGCATGGATGAGCTCTACAAAGGAGGTACCGGAGGATCTATGGCTAGCAAAGGAGAAGAACTTTTCACTGGAGTTGTCCCAATTCTTGTTGAATTAGATGGTGATGTTAATGGGCACAAATTTTCTGTCCGTGGAGAGGGTGAAGGTGATGCTACAATTGGAAAGCTTACCCTTAAATTTATTTGCACTACTGGAAAACTACCTGTTCCGTGGCCAACACTTGTCACTACTCTGACCTATGGTGTTCAATGCTTTTCCCGTTATCCGGATCATATGAAACGGCATGACTTTTTCAAGAGTGCCATGCCCGAAGGTTATGTACAGGAACGCACTATATCTTTCAAAGATGACGGGAAGTACAAGACGCGTGCTGTAGTCAAGTTTGAAGGTGATACCCTTGTTAATCGTATCGAGTTAAAAGGTACCGATTTTAAAGAAGATGGAAACATTCTCGGACACAAACTCGGATCCGGCAGCGGCACCGCAAGTAAAGTAGACATGGTTTGGATAGTCGGAGGCAGTTCTGTTTACCAGGAAGCCATGAATCAACCAGGCCACCTCAGACTCTTTGTGACAAGGATCATGCAGGAATTTGAAAGTGACACGTTTTTCCCAGAAATTGATTTGGGGAAATATAAACTTCTCCCAGAATACCCAGGCGTCCTCTCTGAGGTCCAGGAGGAAAAAGGCATCAAGTATAAGTTTGAAGTCTACGAGAAGAAAGACTAAGAATTCGAGCTCGGCGCGCCTGCAGGTCGACAAGCTTGCGGCCGCATAATGCTTAAGTCGAACAGAAAGTAATCGTATTGTACACGGCCGCATAATCGAAATTAATACGACTCACTATAGGGGAATTGTGAGCGGATAACAATTCCCCATCTTAGTATATTAGTTAAGTATAAGAAGGAGATATACATATGGTTCGACCATTGAACTGCATCGTCGCCGTGTCCCAAAATATGGGGATTGGCAAGAACGGAGACCTACCCTGGCCTCCGCTCAGGAACGAGTTCAAGTACTTCCAAAGAATGACCACAACCTCTTCAGTGGAAGGTAAACAGAATCTGGTGATTATGGGTAGGAAAACCTGGTTCTCCATTCCTGAGAAGAATCGACCTTTAAAGGACAGAATTAATATAGTTCTCAGTAGAGAACTCAAAGAACCACCACGAGGAGCTCATTTTCTTGCCAAAAGTTTGGATGATGCCTTAAGACTTATTGAACAACCGGAATTGGGCAGCGGCAGCACTAGTGGCGAGTACAACTTCAACTCACACAATGTATACATCACGGCAGACTAGGAT','DHFR LOO7 + s7 fusion ligation product (needs to be transformed)','C',0,0,'',0,'','','',1,1,47,NULL,1,'0000-00-00 00:00:00'),(203,'DUET','','','0.000','0.000','2.50000','0000-00-00','0.000','','1 ggggaattgt gagcggataa caattcccct gtagaaataa ttttgtttaa ctttaataag \r\n       61 gagatatacc atgggcagca gccatcacca tcatcaccac agccaggatc cgaattcgag \r\n      121 ctcggcgcgc ctgcaggtcg acaagcttgc ggccgcataa tgcttaagtc gaacagaaag \r\n      181 taatcgtatt gtacacggcc gcataatcga aattaatacg actcactata ggggaattgt \r\n      241 gagcggataa caattcccca tcttagtata ttagttaagt ataagaagga gatatacata \r\n      301 tggcagatct caattggata tcggccggcc acgcgatcgc tgacgtcggt accctcgagt \r\n      361 ctggtaaaga aaccgctgct gcgaaatttg aacgccagca catggactcg tctactagcg \r\n      421 cagcttaatt aacctaggct gctgccaccg ctgagcaata actagcataa ccccttgggg \r\n      481 cctctaaacg ggtcttgagg ggttttttgc tgaaacctca ggcatttgag aagcacacgg \r\n      541 tcacactgct tccggtagtc aataaatcga taaaccagca atagacataa gcggctattt \r\n      601 aacgaccctg ccctgaaccg acgaccgggt catcgtggcc ggatcttgcg gcccctcggc \r\n      661 ttgaacgaat tgttagacat tatttgccga ctaccttggt gatctcgcct ttcacgtagt \r\n      721 ggacaaattc ttccaactga tctgcgcgcg aggccaagcg atcttcttct tgtccaagat \r\n      781 aagcctgtct agcttcaagt atgacgggct gatactgggc cggcaggcgc tccattgccc \r\n      841 agtcggcagc gacatccttc ggcgcgattt tgccggttac tgcgctgtac caaatgcggg \r\n      901 acaacgtaag cactacattt cgctcatcgc cagcccagtc gggcggcgag ttccatagcg \r\n      961 ttaaggtttc atttagcgcc tcaaatagat cctgttcagg aaccggatca aagagttcct \r\n     1021 ccgccgctgg acctaccaag gcaacgctat gttctcttgc ttttgtcagc aagatagcca \r\n     1081 gatcaatgtc gatcgtggct ggctcgaaga tacctgcaag aatgtcattg cgctgccatt \r\n     1141 ctccaaattg cagttcgcgc ttagctggat aacgccacgg aatgatgtcg tcgtgcacaa \r\n     1201 caatggtgac ttctacagcg cggagaatct cgctctctcc aggggaagcc gaagtttcca \r\n     1261 aaaggtcgtt gatcaaagct cgccgcgttg tttcatcaag ccttacggtc accgtaacca \r\n     1321 gcaaatcaat atcactgtgt ggcttcaggc cgccatccac tgcggagccg tacaaatgta \r\n     1381 cggccagcaa cgtcggttcg agatggcgct cgatgacgcc aactacctct gatagttgag \r\n     1441 tcgatacttc ggcgatcacc gcttccctca tactcttcct ttttcaatat tattgaagca \r\n     1501 tttatcaggg ttattgtctc atgagcggat acatatttga atgtatttag aaaaataaac \r\n     1561 aaatagctag ctcactcggt cgctacgctc cgggcgtgag actgcggcgg gcgctgcgga \r\n     1621 cacatacaaa gttacccaca gattccgtgg ataagcaggg gactaacatg tgaggcaaaa \r\n     1681 cagcagggcc gcgccggtgg cgtttttcca taggctccgc cctcctgcca gagttcacat \r\n     1741 aaacagacgc ttttccggtg catctgtggg agccgtgagg ctcaaccatg aatctgacag \r\n     1801 tacgggcgaa acccgacagg acttaaagat ccccaccgtt tccggcgggt cgctccctct \r\n     1861 tgcgctctcc tgttccgacc ctgccgttta ccggatacct gttccgcctt tctcccttac \r\n     1921 gggaagtgtg gcgctttctc atagctcaca cactggtatc tcggctcggt gtaggtcgtt \r\n     1981 cgctccaagc tgggctgtaa gcaagaactc cccgttcagc ccgactgctg cgccttatcc \r\n     2041 ggtaactgtt cacttgagtc caacccggaa aagcacggta aaacgccact ggcagcagcc \r\n     2101 attggtaact gggagttcgc agaggatttg tttagctaaa cacgcggttg ctcttgaagt \r\n     2161 gtgcgccaaa gtccggctac actggaagga cagatttggt tgctgtgctc tgcgaaagcc \r\n     2221 agttaccacg gttaagcagt tccccaactg acttaacctt cgatcaaacc acctccccag \r\n     2281 gtggtttttt cgtttacagg gcaaaagatt acgcgcagaa aaaaaggatc tcaagaagat \r\n     2341 cctttgatct tttctactga accgctctag atttcagtgc aatttatctc ttcaaatgta \r\n     2401 gcacctgaag tcagccccat acgatataag ttgtaattct catgttagtc atgccccgcg \r\n     2461 cccaccggaa ggagctgact gggttgaagg ctctcaaggg catcggtcga gatcccggtg \r\n     2521 cctaatgagt gagctaactt acattaattg cgttgcgctc actgcccgct ttccagtcgg \r\n     2581 gaaacctgtc gtgccagctg cattaatgaa tcggccaacg cgcggggaga ggcggtttgc \r\n     2641 gtattgggcg ccagggtggt ttttcttttc accagtgaga cgggcaacag ctgattgccc \r\n     2701 ttcaccgcct ggccctgaga gagttgcagc aagcggtcca cgctggtttg ccccagcagg \r\n     2761 cgaaaatcct gtttgatggt ggttaacggc gggatataac atgagctgtc ttcggtatcg \r\n     2821 tcgtatccca ctaccgagat gtccgcacca acgcgcagcc cggactcggt aatggcgcgc \r\n     2881 attgcgccca gcgccatctg atcgttggca accagcatcg cagtgggaac gatgccctca \r\n     2941 ttcagcattt gcatggtttg ttgaaaaccg gacatggcac tccagtcgcc ttcccgttcc \r\n     3001 gctatcggct gaatttgatt gcgagtgaga tatttatgcc agccagccag acgcagacgc \r\n     3061 gccgagacag aacttaatgg gcccgctaac agcgcgattt gctggtgacc caatgcgacc \r\n     3121 agatgctcca cgcccagtcg cgtaccgtct tcatgggaga aaataatact gttgatgggt \r\n     3181 gtctggtcag agacatcaag aaataacgcc ggaacattag tgcaggcagc ttccacagca \r\n     3241 atggcatcct ggtcatccag cggatagtta atgatcagcc cactgacgcg ttgcgcgaga \r\n     3301 agattgtgca ccgccgcttt acaggcttcg acgccgcttc gttctaccat cgacaccacc \r\n     3361 acgctggcac ccagttgatc ggcgcgagat ttaatcgccg cgacaatttg cgacggcgcg \r\n     3421 tgcagggcca gactggaggt ggcaacgcca atcagcaacg actgtttgcc cgccagttgt \r\n     3481 tgtgccacgc ggttgggaat gtaattcagc tccgccatcg ccgcttccac tttttcccgc \r\n     3541 gttttcgcag aaacgtggct ggcctggttc accacgcggg aaacggtctg ataagagaca \r\n     3601 ccggcatact ctgcgacatc gtataacgtt actggtttca cattcaccac cctgaattga \r\n     3661 ctctcttccg ggcgctatca tgccataccg cgaaaggttt tgcgccattc gatggtgtcc \r\n     3721 gggatctcga cgctctccct tatgcgactc ctgcattagg aaattaatac gactcactat \r\n     3781 a\r\n','Empty DUET','C',0,0,'',0,'','','',1,1,47,NULL,1,'0000-00-00 00:00:00'),(204,'1:3-1 Spe/EcoRV + CIP','','','0.000','0.000','49.50000','0000-00-00','0.000','','','DHFR Unfused digested with SpeI and EcoRV and CIP','L',0,0,'',0,'','','',1,1,47,NULL,1,'0000-00-00 00:00:00'),(205,'DHFR[1,2] + [3] + LOO7/s7','','','0.000','0.000','5.00000','0000-00-00','0.000','','ATCGGCCGGCCACGCGATCGCTGACGTCGGTACCCTCGAGTCTGGTAAAGAAACCGCTGCTGCGAAATTTGAACGCCAGCACATGGACTCGTCTACTAGCGCAGCTTAATTAACCTAGGCTGCTGCCACCGCTGAGCAATAACTAGCATAACCCCTTGGGGCCTCTAAACGGGTCTTGAGGGGTTTTTTGCTGAAACCTCAGGCATTTGAGAAGCACACGGTCACACTGCTTCCGGTAGTCAATAAATCGATAAACCAGCAATAGACATAAGCGGCTATTTAACGACCCTGCCCTGAACCGACGACCGGGTCATCGTGGCCGGATCTTGCGGCCCCTCGGCTTGAACGAATTGTTAGACATTATTTGCCGACTACCTTGGTGATCTCGCCTTTCACGTAGTGGACAAATTCTTCCAACTGATCTGCGCGCGAGGCCAAGCGATCTTCTTCTTGTCCAAGATAAGCCTGTCTAGCTTCAAGTATGACGGGCTGATACTGGGCCGGCAGGCGCTCCATTGCCCAGTCGGCAGCGACATCCTTCGGCGCGATTTTGCCGGTTACTGCGCTGTACCAAATGCGGGACAACGTAAGCACTACATTTCGCTCATCGCCAGCCCAGTCGGGCGGCGAGTTCCATAGCGTTAAGGTTTCATTTAGCGCCTCAAATAGATCCTGTTCAGGAACCGGATCAAAGAGTTCCTCCGCCGCTGGACCTACCAAGGCAACGCTATGTTCTCTTGCTTTTGTCAGCAAGATAGCCAGATCAATGTCGATCGTGGCTGGCTCGAAGATACCTGCAAGAATGTCATTGCGCTGCCATTCTCCAAATTGCAGTTCGCGCTTAGCTGGATAACGCCACGGAATGATGTCGTCGTGCACAACAATGGTGACTTCTACAGCGCGGAGAATCTCGCTCTCTCCAGGGGAAGCCGAAGTTTCCAAAAGGTCGTTGATCAAAGCTCGCCGCGTTGTTTCATCAAGCCTTACGGTCACCGTAACCAGCAAATCAATATCACTGTGTGGCTTCAGGCCGCCATCCACTGCGGAGCCGTACAAATGTACGGCCAGCAACGTCGGTTCGAGATGGCGCTCGATGACGCCAACTACCTCTGATAGTTGAGTCGATACTTCGGCGATCACCGCTTCCCTCATACTCTTCCTTTTTCAATATTATTGAAGCATTTATCAGGGTTATTGTCTCATGAGCGGATACATATTTGAATGTATTTAGAAAAATAAACAAATAGCTAGCTCACTCGGTCGCTACGCTCCGGGCGTGAGACTGCGGCGGGCGCTGCGGACACATACAAAGTTACCCACAGATTCCGTGGATAAGCAGGGGACTAACATGTGAGGCAAAACAGCAGGGCCGCGCCGGTGGCGTTTTTCCATAGGCTCCGCCCTCCTGCCAGAGTTCACATAAACAGACGCTTTTCCGGTGCATCTGTGGGAGCCGTGAGGCTCAACCATGAATCTGACAGTACGGGCGAAACCCGACAGGACTTAAAGATCCCCACCGTTTCCGGCGGGTCGCTCCCTCTTGCGCTCTCCTGTTCCGACCCTGCCGTTTACCGGATACCTGTTCCGCCTTTCTCCCTTACGGGAAGTGTGGCGCTTTCTCATAGCTCACACACTGGTATCTCGGCTCGGTGTAGGTCGTTCGCTCCAAGCTGGGCTGTAAGCAAGAACTCCCCGTTCAGCCCGACTGCTGCGCCTTATCCGGTAACTGTTCACTTGAGTCCAACCCGGAAAAGCACGGTAAAACGCCACTGGCAGCAGCCATTGGTAACTGGGAGTTCGCAGAGGATTTGTTTAGCTAAACACGCGGTTGCTCTTGAAGTGTGCGCCAAAGTCCGGCTACACTGGAAGGACAGATTTGGTTGCTGTGCTCTGCGAAAGCCAGTTACCACGGTTAAGCAGTTCCCCAACTGACTTAACCTTCGATCAAACCACCTCCCCAGGTGGTTTTTTCGTTTACAGGGCAAAAGATTACGCGCAGAAAAAAAGGATCTCAAGAAGATCCTTTGATCTTTTCTACTGAACCGCTCTAGATTTCAGTGCAATTTATCTCTTCAAATGTAGCACCTGAAGTCAGCCCCATACGATATAAGTTGTAATTCTCATGTTAGTCATGCCCCGCGCCCACCGGAAGGAGCTGACTGGGTTGAAGGCTCTCAAGGGCATCGGTCGAGATCCCGGTGCCTAATGAGTGAGCTAACTTACATTAATTGCGTTGCGCTCACTGCCCGCTTTCCAGTCGGGAAACCTGTCGTGCCAGCTGCATTAATGAATCGGCCAACGCGCGGGGAGAGGCGGTTTGCGTATTGGGCGCCAGGGTGGTTTTTCTTTTCACCAGTGAGACGGGCAACAGCTGATTGCCCTTCACCGCCTGGCCCTGAGAGAGTTGCAGCAAGCGGTCCACGCTGGTTTGCCCCAGCAGGCGAAAATCCTGTTTGATGGTGGTTAACGGCGGGATATAACATGAGCTGTCTTCGGTATCGTCGTATCCCACTACCGAGATGTCCGCACCAACGCGCAGCCCGGACTCGGTAATGGCGCGCATTGCGCCCAGCGCCATCTGATCGTTGGCAACCAGCATCGCAGTGGGAACGATGCCCTCATTCAGCATTTGCATGGTTTGTTGAAAACCGGACATGGCACTCCAGTCGCCTTCCCGTTCCGCTATCGGCTGAATTTGATTGCGAGTGAGATATTTATGCCAGCCAGCCAGACGCAGACGCGCCGAGACAGAACTTAATGGGCCCGCTAACAGCGCGATTTGCTGGTGACCCAATGCGACCAGATGCTCCACGCCCAGTCGCGTACCGTCTTCATGGGAGAAAATAATACTGTTGATGGGTGTCTGGTCAGAGACATCAAGAAATAACGCCGGAACATTAGTGCAGGCAGCTTCCACAGCAATGGCATCCTGGTCATCCAGCGGATAGTTAATGATCAGCCCACTGACGCGTTGCGCGAGAAGATTGTGCACCGCCGCTTTACAGGCTTCGACGCCGCTTCGTTCTACCATCGACACCACCACGCTGGCACCCAGTTGATCGGCGCGAGATTTAATCGCCGCGACAATTTGCGACGGCGCGTGCAGGGCCAGACTGGAGGTGGCAACGCCAATCAGCAACGACTGTTTGCCCGCCAGTTGTTGTGCCACGCGGTTGGGAATGTAATTCAGCTCCGCCATCGCCGCTTCCACTTTTTCCCGCGTTTTCGCAGAAACGTGGCTGGCCTGGTTCACCACGCGGGAAACGGTCTGATAAGAGACACCGGCATACTCTGCGACATCGTATAACGTTACTGGTTTCACATTCACCACCCTGAATTGACTCTCTTCCGGGCGCTATCATGCCATACCGCGAAAGGTTTTGCGCCATTCGATGGTGTCCGGGATCTCGACGCTCTCCCTTATGCGACTCCTGCATTAGGAAATTAATACGACTCACTATAGGGGAATTGTGAGCGGATAACAATTCCCCTGTAGAAATAATTTTGTTTAACTTTAATAAGGAGATATACCATGGCTAGCAGCGGCAAACAAAAGAATGGAATCAAAGCTAACTTCACCGTGCGCCACAACGTGGAAGATGGCTCCGTTCAACTAGCAGACCATTATCAACAAAATACTCCAATTGGCGATGGCCCTGTCCTTTTACCAGACAACCATTACCTGTCGACACAAACCGTGCTTTCGAAAGATCCCAACGAAAAGCGTGACCACATGGTCCTTCTTGAGTTTGTAACTGCTGCTGGGATTACACATGGCATGGATGAGCTCTACAAAGGAGGTACCGGAGGATCTATGGCTAGCAAAGGAGAAGAACTTTTCACTGGAGTTGTCCCAATTCTTGTTGAATTAGATGGTGATGTTAATGGGCACAAATTTTCTGTCCGTGGAGAGGGTGAAGGTGATGCTACAATTGGAAAGCTTACCCTTAAATTTATTTGCACTACTGGAAAACTACCTGTTCCGTGGCCAACACTTGTCACTACTCTGACCTATGGTGTTCAATGCTTTTCCCGTTATCCGGATCATATGAAACGGCATGACTTTTTCAAGAGTGCCATGCCCGAAGGTTATGTACAGGAACGCACTATATCTTTCAAAGATGACGGGAAGTACAAGACGCGTGCTGTAGTCAAGTTTGAAGGTGATACCCTTGTTAATCGTATCGAGTTAAAAGGTACCGATTTTAAAGAAGATGGAAACATTCTCGGACACAAACTCGGATCCGGCAGCGGCACCGCAAGTAAAGTAGACATGGTTTGGATAGTCGGAGGCAGTTCTGTTTACCAGGAAGCCATGAATCAACCAGGCCACCTCAGACTCTTTGTGACAAGGATCATGCAGGAATTTGAAAGTGACACGTTTTTCCCAGAAATTGATTTGGGGAAATATAAACTTCTCCCAGAATACCCAGGCGTCCTCTCTGAGGTCCAGGAGGAAAAAGGCATCAAGTATAAGTTTGAAGTCTACGAGAAGAAAGACTAAGAATTCGAGCTCGGCGCGCCTGCAGGTCGACAAGCTTGCGGCCGCATAATGCTTAAGTCGAACAGAAAGTAATCGTATTGTACACGGCCGCATAATCGAAATTAATACGACTCACTATAGGGGAATTGTGAGCGGATAACAATTCCCCATCTTAGTATATTAGTTAAGTATAAGAAGGAGATATACATATGGTTCGACCATTGAACTGCATCGTCGCCGTGTCCCAAAATATGGGGATTGGCAAGAACGGAGACCTACCCTGGCCTCCGCTCAGGAACGAGTTCAAGTACTTCCAAAGAATGACCACAACCTCTTCAGTGGAAGGTAAACAGAATCTGGTGATTATGGGTAGGAAAACCTGGTTCTCCATTCCTGAGAAGAATCGACCTTTAAAGGACAGAATTAATATAGTTCTCAGTAGAGAACTCAAAGAACCACCACGAGGAGCTCATTTTCTTGCCAAAAGTTTGGATGATGCCTTAAGACTTATTGAACAACCGGAATTGGGCAGCGGCAGCACTAGTGGCGAGTACAACTTCAACTCACACAATGTATACATCACGGCAGACTAGGAT','DHFR containing LOO7 + s7 fusions','C',0,0,'',0,'','','',1,1,47,NULL,1,'0000-00-00 00:00:00'),(206,'DUET + DHFR[1,2]','','','0.000','0.000','16.80000','0000-00-00','0.000','','','DUET containing DHFR[1,2]','C',0,0,'',0,'','','',1,1,47,NULL,1,'0000-00-00 00:00:00'),(207,'LOO7 - DHFR[3]','','','0.000','0.000','38.30000','0000-00-00','0.000','','','DHFR containing LOO7-DHFR[3] fusion','C',0,0,'',0,'','','',1,1,47,NULL,1,'0000-00-00 00:00:00'),(208,'mDHFR Lig.','','','0.000','0.000','0.00000','0000-00-00','0.000','','','Ligation product of DUET + DHFR[1,2] and [3] (Note: three ligations with varying vector:insert ratio)','C',0,0,'',0,'','','',1,1,47,NULL,1,'0000-00-00 00:00:00'),(209,'1,2 Amp. Pool Cl.','','','0.000','0.000','0.00000','0000-00-00','0.000','','','Amplified DHFR[1,2] gene','L',0,0,'',0,'','','',1,1,47,NULL,1,'0000-00-00 00:00:00'),(210,'3 Amp. Pool Cl','','','0.000','0.000','0.00000','0000-00-00','0.000','','','Amplified DHFR[3] gene','L',0,0,'',0,'','','',1,1,47,NULL,1,'0000-00-00 00:00:00'),(211,'D_LGAR 1 NcoI/EcoRI Dig,Clean','','','0.000','0.000','48.70000','0000-00-00','0.000','','','DUET with target protein D_LGAR 1','',0,0,'',0,'','','',1,1,47,NULL,1,'0000-00-00 00:00:00'),(212,'DHFR + s7 C','','','0.000','0.000','5.00000','0000-00-00','0.000','','','DHFR[1,2] + [3] + s7','C',0,0,'',0,'','','',1,1,47,NULL,1,'0000-00-00 00:00:00'),(213,'DHFR[1,2] + [3] + LOO7 + s7','','','0.000','0.000','0.00000','0000-00-00','0.000','','NNNNNNNNNNNNNNAGCTGCGCTAGTAGACGAGTCCATGTGCTGGCGTTCAAATTTCGCAGCAGCGGTTT\r\nCTTTACCAGACTCGAGGGTACCGACGTCAGCGATCGCGTGGCCGGCCGATATCCTAGTCTGCCGTGATGT\r\nATACATTGTGTGAGTTGAAGTTGTACTCGCCACTAGTGCTGCCGCTGCCCAATTCCGGTTGTTCAATAAG\r\nTCTTAAGGCATCATCCAAACTTTTGGCAAGAAAATGAGCTCCTCGTGGTGGTTCTTTGAGTTCTCTACTG\r\nAGAACTATATTAATTCTGTCCTTTAAAGGTCGATTCTTCTCAGGAATGGAGAACCAGGTTTTCCTACCCA\r\nTAATCACCAGATTCTGTTTACCTTCCACTGAAGAGGTTGTGGTCATTCTTTGGAAGTACTTGAACTCGTT\r\nCCTGAGCGGAGGCCAGGGTAGGTCTCCGTTCTTGCCAATCCCCATATTTTGGGACACGGCGACGATGCAG\r\nTTCAATGGTCGAACCATATGTATATCTCCTTCTTATACTTAACTAATATACTAAGATGGGGAATTGTTAT\r\nCCGCTCACAATTCCCCTATAGTGAGTCGTATTAATTTCGATTATGCGGCCGTGTACAATACGATTACTTT\r\nCTGTTCGACTTAAGCATTATGCGGCCGCAAGCTTGTCGACCTGCAGGCGCGCCGAGCTCGAATTCTTAGT\r\nCTTTCTTCTCGTAGACTTCAAACTTATACTTGATGCCTTTTTCCTCCTGGACCTCAGAGAGGACGCCTGG\r\nGTATTCTGGGAGAAGTTTATATTTCCCCAAATCAATTTCTGGGAAAAATGTGTCACTTTCAAATTCCTGC\r\nATGATCCTTGTCACAAAGAGTCTGAGGTGGCCTGGTNGATTCATGGNTTCCTGGNAAACAGAACTGCCTC\r\nCGACTATCCAAACCATGTCTACTTTACTTGCGGTGCCGCTNCNGGNNCCGANNTNGTGTCCGAGAAATGN\r\nTNCCATCTTCTTTAAAATCNGGTACCCTTTTTAACTCGATACGATNNNNNNNTCANCNTTCNNNTGACTA\r\nCNGNACGCGTCTNNANNNNNCNNTCATNNTTNNAAANGANNNNNNNNNNNNNNNNNANNNNNNNNGNANN\r\nNNNNNNNNNNNNNCANNNNNNN\r\n','Three tubes total containing this construct (varying concentrations. Sequencing data.','C',0,0,'',0,'','','',1,1,47,NULL,1,'0000-00-00 00:00:00'),(214,'DHFR Unfused','','','0.000','0.000','0.00000','0000-00-00','0.000','','','DUET containing DHFR[1,2] and [3] (two tubes 78 ng/uL and 2.5 ng/uL)','C',0,0,'',0,'','','',1,1,47,NULL,1,'0000-00-00 00:00:00'),(215,'Ras/Raf R89L','','','0.000','0.000','0.00000','0000-00-00','0.000','','','DUET containing DHFR[1,2] and [3], as well as Raf/Raf mutant fusions (present in two tubes, 39.9 ng/uL and 36.6 ng/uL)','C',0,0,'',0,'','','',1,1,47,NULL,1,'0000-00-00 00:00:00'),(216,'Ras/Raf','','','0.000','0.000','40.00000','0000-00-00','0.000','','','DUET containing DHFR[1,2] + [3], as well as Ras/Raf fusions','C',0,0,'',0,'','','',1,1,47,NULL,1,'0000-00-00 00:00:00'),(217,'mDHFR[3] Oligo Mix','','','0.000','0.000','0.00000','0000-00-00','0.000','','','Pooled assembly PCR oligos','L',0,0,'',0,'','','',1,1,47,NULL,1,'0000-00-00 00:00:00'),(218,'mDHFR[1,2] Oligo Mix','','','0.000','0.000','0.00000','0000-00-00','0.000','','','Pooled assembly PCR oligos','L',0,0,'',0,'','','',1,1,47,NULL,1,'0000-00-00 00:00:00'),(219,'mDHFR[3] F1','','','0.000','0.000','0.00000','0000-00-00','0.000','','','DHFR[3] F1 primer (10 uM) for amplification PCR','L',0,0,'',0,'','','',1,1,47,NULL,1,'0000-00-00 00:00:00'),(220,'mDHFR[3] R8','','','0.000','0.000','0.00000','0000-00-00','0.000','','','DHFR[3] R8 primer (10 uM) for amplification PCR','L',0,0,'',0,'','','',1,1,47,NULL,1,'0000-00-00 00:00:00'),(221,'mDHFR[1,2] F1','','','0.000','0.000','0.00000','0000-00-00','0.000','','','DHFR[1,2] F1 primer (10 uM) for amplification PCR','L',0,0,'',0,'','','',1,1,47,NULL,1,'0000-00-00 00:00:00'),(222,'mDHFR[1,2] R10','','','0.000','0.000','0.00000','0000-00-00','0.000','','','DHFR[1,2] R10 primer (10 uM) for amplification PCR','L',0,0,'',0,'','','',1,1,47,NULL,1,'0000-00-00 00:00:00'),(223,'DUET-mDHFR[3] Nde/EcoRV','','','0.000','0.000','52.30000','0000-00-00','0.000','','','Ligated or not?','',0,0,'',0,'','','',1,1,47,NULL,1,'0000-00-00 00:00:00'),(224,'DUET_3 Dig. CIP','','','0.000','0.000','43.10000','0000-00-00','0.000','','','DUET + DHFR[3] CIP digested','L',0,0,'',0,'','','',1,1,47,NULL,1,'0000-00-00 00:00:00'),(225,'LOO7 - DHFR[3]','','','0.000','0.000','0.00000','0000-00-00','0.000','','','','',0,0,'',0,'','','',NULL,NULL,NULL,NULL,NULL,'0000-00-00 00:00:00'),(226,'DHFR[3] Oligos','','','0.000','0.000','0.00000','0000-00-00','0.000','','','','',0,0,'',0,'','','',2,1,42,NULL,NULL,'0000-00-00 00:00:00'),(237,'','','','0.000','0.000','0.00000','0000-00-00','0.000','','','','',0,0,'',0,'','','',NULL,NULL,NULL,NULL,NULL,'0000-00-00 00:00:00'),(239,'','','','0.000','0.000','0.00000','0000-00-00','0.000','','','','',0,0,'',0,'','','',NULL,NULL,NULL,NULL,NULL,'0000-00-00 00:00:00'),(240,'T1-1','','','0.000','0.000','0.00000','0000-00-00','0.000','','','','',0,0,'',0,'','','',NULL,NULL,NULL,NULL,NULL,'0000-00-00 00:00:00'),(241,'','','','0.000','0.000','0.00000','0000-00-00','0.000','','','','',0,0,'',0,'','','',NULL,NULL,NULL,NULL,NULL,'0000-00-00 00:00:00'),(242,'T1-3','','','0.000','0.000','0.00000','0000-00-00','0.000','','','','',0,0,'',0,'','','',NULL,NULL,NULL,NULL,NULL,'0000-00-00 00:00:00'),(243,'','','','0.000','0.000','0.00000','0000-00-00','0.000','','','','',0,0,'',0,'','','',NULL,NULL,NULL,NULL,NULL,'0000-00-00 00:00:00'),(244,'OPT and CSP','','','0.000','0.000','0.00000','0000-00-00','0.000','','','OPT 2.38 mg/ml\r\nCSP 1.45 mg/ml','',0,0,'',0,'','','',2,3,40,NULL,NULL,'0000-00-00 00:00:00'),(245,'t7SP and t7SPm','','','0.000','0.000','0.00000','0000-00-00','0.000','','','t7SP 2.23 mg/ml\r\nt7SPm 2.39 mg/ml','',0,0,'',0,'','','',2,2,30,NULL,NULL,'0000-00-00 00:00:00'),(246,'CA Cell','','','0.000','0.000','0.00000','0000-00-00','0.000','','','10/07/10','',0,0,'',0,'','','',2,2,4,NULL,NULL,'0000-00-00 00:00:00'),(247,'Hanahan CA','','','0.000','0.000','0.00000','0000-00-00','0.000','','','12/14/10','',0,0,'',0,'','','',2,2,8,2,NULL,'0000-00-00 00:00:00'),(248,'OPT and CSP','','','0.000','0.000','0.00000','2007-05-22','0.000','','','OPT: 1.89 mg/mL\r\nCSP: 3.46 mg/mL','',0,0,'',0,'','','',2,2,35,NULL,NULL,'0000-00-00 00:00:00'),(249,'Plasmind and Ac stock','','','0.000','0.000','0.00000','0000-00-00','0.000','','','','',0,0,'',0,'','','',2,2,18,NULL,NULL,'0000-00-00 00:00:00'),(250,'Phone cord sequence stock','','','0.000','0.000','0.00000','2011-11-20','0.000','','','','',0,0,'',0,'','','',2,2,20,NULL,NULL,'0000-00-00 00:00:00'),(251,'Bacterial two hybrid stocks','','','0.000','0.000','0.00000','0000-00-00','0.000','','','','',0,0,'',0,'','','',2,2,32,NULL,NULL,'0000-00-00 00:00:00'),(252,'MRF-R and MRF-S','','','0.000','0.000','0.00000','2010-09-14','0.000','','','','',0,0,'',0,'','','',2,2,27,NULL,NULL,'0000-00-00 00:00:00'),(253,'Strain Stock','','','0.000','0.000','0.00000','0000-00-00','0.000','','','','',0,0,'',0,'','','',2,2,13,NULL,NULL,'0000-00-00 00:00:00'),(254,'CSP and OPT','','','0.000','0.000','0.00000','2007-04-19','0.000','','','CSP: 2.4 mg/mL\r\nOPT: 2.8 mg/mL','',0,0,'',0,'','','',2,2,26,NULL,NULL,'0000-00-00 00:00:00'),(255,'GFP Biosensor','','','0.000','0.000','0.00000','0000-00-00','0.000','','','','',0,0,'',0,'','','',2,2,10,1,NULL,'0000-00-00 00:00:00'),(256,'XL1Blue (200 ul)','','','0.000','0.000','0.00000','2007-12-07','0.000','','','','',0,0,'',0,'','','',2,2,9,NULL,NULL,'0000-00-00 00:00:00'),(257,'OPT and CSP','','','0.000','0.000','0.00000','2007-05-14','0.000','','','OPT: 1.3 mg/mL\r\nCSP: 2.6 mg/mL','',0,0,'',0,'','','',2,2,33,NULL,NULL,'0000-00-00 00:00:00'),(258,'BL21 plys','','','0.000','0.000','0.00000','0000-00-00','0.000','','','','',0,0,'',0,'','','',2,2,5,1,NULL,'0000-00-00 00:00:00'),(260,'XL1 Blue','','','0.000','0.000','0.00000','0000-00-00','0.000','','','','',0,0,'',0,'','','',2,2,23,1,NULL,'0000-00-00 00:00:00'),(261,'XL1 Blue','','','0.000','0.000','0.00000','0000-00-00','0.000','','','','',0,0,'',0,'','','',2,2,3,2,NULL,'0000-00-00 00:00:00'),(262,'AT','','','0.000','0.000','0.00000','0000-00-00','0.000','','','','',0,0,'',0,'','','',2,2,11,1,NULL,'0000-00-00 00:00:00'),(263,'CSP','','','0.000','0.000','0.00000','2007-04-09','0.000','','','13.20 mg/mL','',0,0,'',0,'','','',2,2,6,NULL,NULL,'0000-00-00 00:00:00'),(264,'t11SP','','','0.000','0.000','0.00000','2007-04-09','0.000','','','14.40 mg/mL','',0,0,'',0,'','','',2,2,19,NULL,NULL,'0000-00-00 00:00:00'),(265,'t7SP','','','0.000','0.000','0.00000','2007-04-09','0.000','','','t7SP 14.79 mg/ml','',0,0,'',0,'','','',2,2,34,NULL,NULL,'0000-00-00 00:00:00'),(266,'t7SP and t7m','','','0.000','0.000','0.00000','2006-05-15','0.000','','','t7SP: 4.2 mg/mL\r\ndate: 4/19/07\r\nt7m: 1.5 mg/mL\r\ndate: 5/15/06','',0,0,'',0,'','','',2,2,7,NULL,NULL,'0000-00-00 00:00:00'),(267,'Competent cells (Acella based)','','','0.000','0.000','0.00000','2011-03-01','0.000','','','','',0,0,'',0,'','','',2,2,12,3,NULL,'0000-00-00 00:00:00'),(268,'Acella Competent Cells','','','0.000','0.000','0.00000','2011-02-09','0.000','','','First Batch (C3)\r\nDerek Pitman','',0,0,'',0,'','','',NULL,2,24,NULL,NULL,'0000-00-00 00:00:00'),(269,'CA','','','0.000','0.000','0.00000','2011-07-15','0.000','','','','',0,0,'',0,'','','',2,2,29,NULL,NULL,'0000-00-00 00:00:00'),(270,'Competent cells (Acella based)','','','0.000','0.000','0.00000','2011-01-14','0.000','','','','',0,0,'',0,'','','',1,2,2,3,NULL,'0000-00-00 00:00:00'),(271,'Split DHFR','','','0.000','0.000','0.00000','0000-00-00','0.000','','','','',0,0,'',0,'','','',2,2,21,4,NULL,'0000-00-00 00:00:00'),(272,'Competent','','','0.000','0.000','0.00000','0000-00-00','0.000','','','','',0,0,'',0,'','','',NULL,NULL,NULL,NULL,NULL,'0000-00-00 00:00:00'),(273,'','','','0.000','0.000','0.00000','0000-00-00','0.000','','','','',0,0,'',0,'','','',NULL,NULL,NULL,NULL,NULL,'0000-00-00 00:00:00'),(274,'','','','0.000','0.000','0.00000','0000-00-00','0.000','','','','',0,0,'',0,'','','',NULL,NULL,NULL,NULL,NULL,'0000-00-00 00:00:00'),(275,'','','','0.000','0.000','0.00000','0000-00-00','0.000','','','','',0,0,'',0,'','','',NULL,NULL,NULL,NULL,NULL,'0000-00-00 00:00:00'),(276,'TAND','','','0.000','0.000','0.00000','0000-00-00','0.000','','','','',0,0,'',0,'','','',1,1,83,5,NULL,'0000-00-00 00:00:00'),(277,'AT','','','0.000','0.000','0.00000','0000-00-00','0.000','','','','',0,0,'',0,'','','',NULL,NULL,NULL,NULL,NULL,'0000-00-00 00:00:00'),(278,'acela','','','0.000','0.000','0.00000','0000-00-00','0.000','','','','',0,0,'',0,'','','',NULL,NULL,NULL,NULL,NULL,'0000-00-00 00:00:00'),(279,'','','','0.000','0.000','0.00000','0000-00-00','0.000','','','','',0,0,'',0,'','','',NULL,NULL,NULL,6,NULL,'0000-00-00 00:00:00'),(280,'','','','0.000','0.000','0.00000','0000-00-00','0.000','','','','',0,0,'',0,'','','',NULL,NULL,NULL,1,NULL,'0000-00-00 00:00:00'),(281,'','','','0.000','0.000','0.00000','0000-00-00','0.000','','','','',0,0,'',0,'','','',NULL,NULL,NULL,4,NULL,'0000-00-00 00:00:00'),(282,'DUET','','','0.000','0.000','0.00000','0000-00-00','0.000','','','','',0,0,'',0,'','','',NULL,NULL,NULL,NULL,NULL,'0000-00-00 00:00:00'),(283,'LOO7 C-link Oligos','','','0.000','0.000','1.00000','0000-00-00','0.000','','','Concentration: mg/mL','L',1,0,'R',0,'','','',1,1,43,7,1,'0000-00-00 00:00:00'),(284,'LOO7 C-link F/R Primers','','','0.000','0.000','10.00000','0000-00-00','0.000','','','Concentration: uM','L',1,0,'R',0,'','','',1,1,43,7,NULL,'0000-00-00 00:00:00'),(285,'LOO7 C-link AB, A, and B PCR Cleanup','','','0.000','0.000','0.00000','0000-00-00','0.000','','','Concentration: On tubes in ng/mL','L',2,0,'R',0,'','','',1,1,43,7,NULL,'0000-00-00 00:00:00'),(286,'','','','0.000','0.000','0.00000','0000-00-00','0.000','','','','',0,0,'',0,'','','',NULL,NULL,NULL,NULL,NULL,'0000-00-00 00:00:00'),(287,'OPT No His','','','1.000','0.000','0.00000','0000-00-00','0.000','','','','',0,0,'',0,'','','',2,2,22,NULL,5,'0000-00-00 00:00:00'),(289,'stGFP (post-dialysis)','','','6.000','0.000','0.00000','2012-09-20','0.000','','Gene:\r\n\r\nAGGACGTTCCCTCTGAATATTTTGTTTACTTTAAGAAGGAGATATACCATGGGTCATCACCACCACCATCACGGTGGCGCTAGCAAAGGTGAAGAGCTGTTTACGGGTGTAGTACCGATCTTAGTGGAATTAGACGGCGACGTGAACGGTCACAAATTTAGCGTGCGCGGCGAAGGCGAAGGTGACGCTACCAATGGTAAATTGACCCTGAAGTTTATTTGCACAACAGGCAAATTACCCGTTCCGTGGCCCACCTTAGTGACCACCCTGACCTATGGCGTTCAGTGCTTCAGTCGTTACCCAGATCATATGAAACAACACGATTTTTTCAAATCAGCCATGCCTGAAGGATATGTTCAAGAGCGTACAATCAGCTTCAAGGACGATGGCACCTATAAAACGCGTGCGGAAGTGAAATTTGAAGGCGACACATTAGTAAACCGTATCGAACTGAAAGGTATCGACTTCAAAGAAGACGGCAACATTTTAGGCCATAAGCTGGAATATAACTTTAATTCTCATAACGTGTATATTACGGCCGATAAACAGAAAAACGGTATCAAGGCAAATTTCAAAATTCGCCATAACGTGGAAGACGGCAGCGTTCAATTAGCGGATCATTATCAACAAAACACGCCGATTGGTGACGGGCCTGTACTGTTACCTGACAACCACTACCTGAGCACCCAGTCAGCACTGAGCAAAGATCCGAACGAAAAACGCGATCACATGGTTCTGTTAGAATTCGTGACCGCTGCAGGCATTACTCACGGAATGGACGAACTCTACAAGTAATAATGAGGTACCCTCGAGTCTGGTAAAGAAACCGCTGCTGCGAAATTTGAACGCCAGCACATGGACTCGTCTACTAGCGCAGCTTAATTAACCTAGGCTGCTGCCACCGCTGAGCAATAACTAGCATAACCCCTTGGGGCCTCTAAACGGGTCTTGAGGGGTTTTTTGCTGAAAGGAGGAACTATATCCGGATTGGCGAATGGGACGCGCCCTGTAGCGGCGCATTA\r\n\r\nProtein:\r\n\r\nMGHHHHHHGGASKGEELFTGVVPILVELDGDVNGHKFSVRGEGE\r\nGDATNGKLTLKFICTTGKLPVPWPTLVTTLTYGVQCFSRYPDHMKQHDFFKSAMPEGYVQ\r\nERTISFKDDGTYKTRAEVKFEGDTLVNRIELKGIDFKEDGNILGHKLEYNFNSHNVYITA\r\nDKQKNGIKANFKIRHNVEDGSVQLADHYQQNTPIGDGPVLLPDNHYLSTQSALSKDPNEK\r\nRDHMVLLEFVTAAGITHGMDELYK','stGFP = OPT??\r\n\r\nFPLC needs to be performed','',0,0,'',0,'','','',1,5,89,8,2,'0000-00-00 00:00:00'),(290,'HA-4 (samples 1 - 11)','','','0.000','0.000','0.00000','0000-00-00','0.000','','','There are 11 samples, all beginning with \'HA-4\'.','',0,0,'',0,'','','',2,2,22,2,2,'0000-00-00 00:00:00'),(291,'HA-4 S (several samples)','','','0.000','0.000','0.00000','0000-00-00','0.000','','','The first sample is called HA-4 and has the word *single* written on the side (as well as a check mark on the lid). The other samples are called HA-4 S with an accompanying number.','',0,0,'',0,'','','',2,2,22,2,2,'0000-00-00 00:00:00'),(293,'Competent Cells','','','0.000','0.000','0.00000','2013-01-28','0.000','','','400 uL\r\n100 uL','',0,0,'',0,'','','',2,2,4,NULL,NULL,'0000-00-00 00:00:00'),(295,'stGFP Glycerol Stock','','','0.000','0.000','0.00000','2013-01-28','0.000','','','','',0,0,'',0,'','','',2,2,4,NULL,NULL,'0000-00-00 00:00:00'),(296,'w57G GFP (glycerol stock)','','','0.000','0.000','0.00000','2013-01-28','0.000','','','','',0,0,'',0,'','','',2,2,4,NULL,NULL,'0000-00-00 00:00:00'),(297,'C-GFP','','','0.000','0.000','0.00000','2013-01-28','0.000','','','volume: 100 uL','',0,0,'',0,'','','',2,2,6,NULL,NULL,'0000-00-00 00:00:00'),(299,'C-GFP','','','0.000','0.000','0.00000','2013-01-28','0.000','','','volume: 400 uL','',0,0,'',0,'','','',2,2,31,NULL,NULL,'0000-00-00 00:00:00'),(300,'C-GFP','','','0.000','0.000','0.00000','2013-01-28','0.000','','','volume: 400 uL','',0,0,'',0,'','','',2,2,35,NULL,NULL,'0000-00-00 00:00:00'),(301,'t7','','','0.000','0.000','0.00000','2013-01-28','0.000','','','volume: 100 uL','',0,0,'',0,'','','',2,2,34,NULL,NULL,'0000-00-00 00:00:00'),(302,'11m mono','','','1.500','0.000','0.00000','2013-01-28','0.000','','','volume: 1.5 mL','',0,0,'',0,'','','',2,2,15,NULL,NULL,'0000-00-00 00:00:00'),(303,'8m aggregate','','','1.500','0.000','0.00000','2013-01-28','0.000','','','volume: 1.5 mL','',0,0,'',0,'','','',2,2,15,NULL,NULL,'0000-00-00 00:00:00'),(304,'4m aggregate','','','1.500','0.000','0.00000','2013-01-28','0.000','','','volume: 1.5 mL','',0,0,'',0,'','','',2,2,15,NULL,NULL,'0000-00-00 00:00:00'),(305,'C-GFP','','','0.000','0.000','0.00000','2013-01-28','0.000','','','volume: 400 uL','',0,0,'',0,'','','',2,2,33,NULL,NULL,'0000-00-00 00:00:00'),(306,'t7','','','0.000','0.000','0.00000','2013-01-28','0.000','','','0.97 mg/mL','',0,0,'',0,'','','',2,2,36,NULL,NULL,'0000-00-00 00:00:00'),(307,'t11','','','0.000','0.000','0.00000','2013-01-28','0.000','','','1.29 mg/mL','',0,0,'',0,'','','',2,2,36,NULL,NULL,'0000-00-00 00:00:00'),(308,'t7','','','0.000','0.000','0.00000','2013-01-28','0.000','','','volume: 250 uL','',0,0,'',0,'','','',2,2,7,NULL,NULL,'0000-00-00 00:00:00'),(309,'t11SP','','','0.000','0.000','0.00000','2013-01-28','0.000','','','5.6 mg/mL','',0,0,'',0,'','','',2,2,37,NULL,NULL,'0000-00-00 00:00:00'),(310,'t11m','','','0.000','0.000','0.00000','2013-01-28','0.000','','','1.7 mg/mL','',0,0,'',0,'','','',2,2,37,NULL,NULL,'0000-00-00 00:00:00'),(311,'41','','','0.000','0.000','0.00000','2013-01-28','0.000','','','delta41 0.77 mg/mL','',0,0,'',0,'','','',2,2,30,NULL,NULL,'0000-00-00 00:00:00'),(312,'OPT','','','0.000','0.000','0.00000','2013-01-28','0.000','','','1.7 mg/mL','',0,0,'',0,'','','',2,2,30,NULL,NULL,'0000-00-00 00:00:00'),(313,'t11','','','0.000','0.000','0.00000','2013-01-28','50.000','','','volume: 50 uL','',0,0,'',0,'','','',2,2,19,NULL,NULL,'0000-00-00 00:00:00'),(314,'','','','0.000','0.000','0.00000','0000-00-00','0.000','','','','',0,0,'',0,'','','',NULL,NULL,NULL,NULL,NULL,'0000-00-00 00:00:00'),(315,'Competent Cells','','','0.000','0.000','0.00000','2013-01-28','0.000','','','100 uL\r\n200 uL','',0,0,'',0,'','','',2,2,29,NULL,NULL,'0000-00-00 00:00:00'),(316,'t7SP','','','0.000','0.000','0.00000','2013-01-28','0.000','','','1.3 mg/mL','',0,0,'',0,'','','',2,2,36,NULL,NULL,'0000-00-00 00:00:00'),(317,'t11SP','','','0.000','0.000','0.00000','2013-01-28','0.000','','','1.1 mg/mL','',0,0,'',0,'','','',2,2,36,NULL,NULL,'0000-00-00 00:00:00'),(318,'Competent Cells','','','0.000','0.000','0.00000','2013-01-28','0.000','','','50 uL\r\n100 uL\r\n200 uL','',0,0,'',0,'','','',2,2,8,NULL,NULL,'0000-00-00 00:00:00'),(319,'MRF-R','','','0.000','0.000','0.00000','2013-01-28','0.000','','','volume: 100 uL','',0,0,'',0,'','','',2,2,27,NULL,NULL,'0000-00-00 00:00:00'),(320,'MRF-S','','','0.000','0.000','0.00000','2013-01-28','0.000','','','volume: 200 uL','',0,0,'',0,'','','',2,2,27,NULL,NULL,'0000-00-00 00:00:00'),(321,'','','','0.000','0.000','0.00000','0000-00-00','0.000','','','','',0,0,'',0,'','','',NULL,NULL,NULL,NULL,NULL,'0000-00-00 00:00:00'),(322,'C-GFP','','','0.000','0.000','0.00000','2013-01-28','0.000','','','volume: 200 uL','',0,0,'',0,'','','',2,2,26,NULL,NULL,'0000-00-00 00:00:00'),(323,'','','','0.000','0.000','0.00000','0000-00-00','0.000','','','','',0,0,'',0,'','','',NULL,NULL,NULL,NULL,NULL,'0000-00-00 00:00:00'),(324,'Acella-GFP (GFP glycerol cell)','','','0.000','0.000','0.00000','2013-01-28','0.000','','','1 mL','',0,0,'',0,'','','',2,2,32,NULL,NULL,'0000-00-00 00:00:00'),(325,'N1 MFR-Kan THT-BMS (glycerol stock)','','','0.000','0.000','0.00000','2013-01-28','0.000','','','1 mL','',0,0,'',0,'','','',2,2,32,NULL,NULL,'0000-00-00 00:00:00'),(326,'N2 MFR-Kan THT-BMS (glycerol stock)','','','0.000','0.000','0.00000','2013-01-28','0.000','','','1 mL','',0,0,'',0,'','','',2,2,32,NULL,NULL,'0000-00-00 00:00:00'),(327,'N3 MRF-Kan THT-BMS (glycerol stock)','','','0.000','0.000','0.00000','2013-01-28','0.000','','','1 mL','',0,0,'',0,'','','',2,2,32,NULL,NULL,'0000-00-00 00:00:00'),(328,'E. Coli XL1-Blue MRF-Kan pTRG (glycerol stock)','','','0.000','0.000','0.00000','2013-01-28','0.000','','','1 mL','',0,0,'',0,'','','',2,2,32,NULL,NULL,'0000-00-00 00:00:00'),(329,'E. Coli XL1-Blue MRF-Kan pBT (glycerol stock)','','','0.000','0.000','0.00000','2013-01-28','0.000','','','1 mL','',0,0,'',0,'','','',2,2,32,NULL,NULL,'0000-00-00 00:00:00'),(330,'E. Coli XL1-Blue MRF-Kan pBT-LGF2 (glycerol stock)','','','0.000','0.000','0.00000','2013-01-28','2.000','','','1 mL','',0,0,'',0,'','','',2,2,32,NULL,NULL,'0000-00-00 00:00:00'),(331,'E. Coli XL1-Blue MRF-Kan pTRG GAL11P (glycerol stock)','','','0.000','0.000','0.00000','2013-01-28','0.000','','','','',0,0,'',0,'','','',2,2,32,NULL,NULL,'0000-00-00 00:00:00'),(332,'pBT bait plasmid','','','0.000','0.000','0.00000','2013-01-28','0.000','','','','',0,0,'',0,'','','',2,2,32,NULL,NULL,'0000-00-00 00:00:00'),(333,'pBT-LGF2 control','','','0.000','0.000','0.00000','2013-01-28','0.000','','','','',0,0,'',0,'','','',2,2,32,NULL,NULL,'0000-00-00 00:00:00'),(334,'pTRG target plasmid','','','0.000','0.000','0.00000','2013-01-28','0.000','','','','',0,0,'',0,'','','',2,2,32,NULL,NULL,'0000-00-00 00:00:00'),(335,'pTRG-GAL11P control plasmid','','','0.000','0.000','0.00000','2013-01-28','0.000','','','','',0,0,'',0,'','','',2,2,32,NULL,NULL,'0000-00-00 00:00:00'),(336,'MRF-R TBT-LGF pTRG-GAL11P','','','0.000','0.000','0.00000','2013-01-28','0.000','','','1 mL glycerol stock','',0,0,'',0,'','','',2,2,32,NULL,NULL,'0000-00-00 00:00:00'),(337,'OPT','','','0.000','0.000','0.00000','2013-01-28','0.000','','','1 mL glycerol stock','',0,0,'',0,'','','',2,2,32,NULL,NULL,'0000-00-00 00:00:00'),(338,'Competent Cells','','','0.000','0.000','0.00000','2013-01-28','4.000','','','1 uL','',0,0,'',0,'','','',2,2,32,NULL,NULL,'0000-00-00 00:00:00'),(339,'Acella Competent Cells','','','0.000','0.000','0.00000','2013-01-28','1.000','','','50 uL','',0,0,'',0,'','','',2,2,32,NULL,NULL,'0000-00-00 00:00:00'),(341,'XL1Blue (200 ul)','','','0.000','0.000','0.00000','0000-00-00','0.000','','','','',0,0,'',0,'','','',NULL,NULL,NULL,NULL,NULL,'0000-00-00 00:00:00'),(342,'Acella Competent Cells','','','0.000','0.000','0.00000','0000-00-00','0.000','','','','',0,0,'',0,'','','',NULL,NULL,NULL,NULL,NULL,'0000-00-00 00:00:00'),(343,'acela','','','0.000','0.000','0.00000','0000-00-00','0.000','','','','',0,0,'',0,'','','',NULL,NULL,NULL,NULL,NULL,'0000-00-00 00:00:00'),(344,'XL1 Blue','','','0.000','0.000','0.00000','0000-00-00','0.000','','','','',0,0,'',0,'','','',NULL,NULL,NULL,NULL,NULL,'0000-00-00 00:00:00'),(345,'XL1Blue (200 ul)','','','0.000','0.000','0.00000','0000-00-00','0.000','','','','',0,0,'',0,'','','',NULL,NULL,NULL,NULL,NULL,'0000-00-00 00:00:00'),(346,'CVC P1-P6 stock','','','0.000','0.000','0.00000','2013-01-30','0.000','','','','',0,0,'',0,'','','',2,2,20,NULL,NULL,'0000-00-00 00:00:00'),(347,'CVS P1-P6 stock','','','0.000','0.000','0.00000','2013-01-30','0.000','','','','',0,0,'',0,'','','',2,2,20,NULL,NULL,'0000-00-00 00:00:00'),(348,'TEV P stock','','','0.000','0.000','0.00000','2013-01-30','0.000','','','','',0,0,'',0,'','','',2,2,20,NULL,NULL,'0000-00-00 00:00:00'),(349,'BL21','','','0.000','0.000','0.00000','2008-03-14','0.000','','','200 uL','',0,0,'',0,'','','',2,2,9,NULL,NULL,'0000-00-00 00:00:00'),(350,'XL1B (100uL)','','','0.000','0.000','0.00000','2007-12-07','0.000','','','','',0,0,'',0,'','','',2,2,9,NULL,NULL,'0000-00-00 00:00:00'),(351,'tev','','','0.000','0.000','0.00000','2013-01-30','0.000','','','1 mg/mL\r\n10 tubes','',0,0,'',0,'','','',2,2,9,NULL,NULL,'0000-00-00 00:00:00'),(352,'BL21','','','0.000','0.000','0.00000','2005-12-06','0.000','','','Dated 12/6/05 and 1/19','',0,0,'',0,'','','',2,2,5,NULL,NULL,'0000-00-00 00:00:00'),(353,'Competent Cells BL21 (DE3)','','','0.000','0.000','0.00000','2013-01-30','0.000','','','','',0,0,'',0,'','','',2,2,5,NULL,NULL,'0000-00-00 00:00:00'),(354,'Acella Competent Cells Tubes','','','0.000','0.000','0.00000','2013-01-30','0.000','','','4 tubes','',0,0,'',0,'','','',2,2,38,NULL,NULL,'0000-00-00 00:00:00'),(355,'Acella Tubes','','','0.000','0.000','0.00000','0000-00-00','0.000','','','','',0,0,'',0,'','','',NULL,NULL,NULL,NULL,NULL,'0000-00-00 00:00:00'),(356,'TEV','','','0.000','0.000','0.00000','2013-01-30','0.000','','','','',0,0,'',0,'','','',2,2,12,NULL,NULL,'0000-00-00 00:00:00'),(358,'LOO7 L1B1','','','0.000','0.000','0.00000','2013-01-30','0.000','','','','',0,0,'',0,'','','',2,2,21,NULL,NULL,'0000-00-00 00:00:00'),(359,'LOO7 CLA5','','','0.000','0.000','0.00000','2013-01-30','0.000','','','','',0,0,'',0,'','','',2,2,21,NULL,NULL,'0000-00-00 00:00:00'),(360,'LOO7','','','0.000','0.000','0.00000','0000-00-00','0.000','','','','',0,0,'',0,'','','',NULL,NULL,NULL,NULL,NULL,'0000-00-00 00:00:00'),(361,'CVS2','','','0.000','0.000','0.00000','2013-01-30','0.000','','','0.245 mg/ml','',0,0,'',0,'','','',2,2,21,NULL,NULL,'0000-00-00 00:00:00'),(362,'Wash','','','0.000','0.000','0.00000','2013-01-30','0.000','','','','',0,0,'',0,'','','',2,2,21,NULL,NULL,'0000-00-00 00:00:00'),(363,'CVC2','','','0.000','0.000','0.00000','2013-01-30','0.000','','','0.233 mg/ml','',0,0,'',0,'','','',2,2,21,NULL,NULL,'0000-00-00 00:00:00'),(364,'TEV (0.5mg)','','','0.000','0.000','0.00000','2013-01-30','0.000','','','','',0,0,'',0,'','','',2,2,21,NULL,NULL,'0000-00-00 00:00:00'),(366,'CVS His','','','0.000','0.000','0.00000','2013-01-30','0.000','','','','',0,0,'',0,'','','',2,2,21,NULL,NULL,'0000-00-00 00:00:00'),(367,'CVC1','','','0.000','0.000','0.00000','2013-01-30','0.000','','','0.293 mg/ml','',0,0,'',0,'','','',2,2,21,NULL,NULL,'0000-00-00 00:00:00'),(368,'Elation','','','0.000','0.000','0.00000','2013-01-30','0.000','','','','',0,0,'',0,'','','',2,2,21,NULL,NULL,'0000-00-00 00:00:00'),(369,'M3SO4','','','0.000','0.000','0.00000','2013-01-30','0.000','','','','',0,0,'',0,'','','',2,2,21,NULL,NULL,'0000-00-00 00:00:00'),(370,'XL1B','','','0.000','0.000','0.00000','2013-01-30','0.000','','','','',0,0,'',0,'','','',2,2,3,NULL,NULL,'0000-00-00 00:00:00'),(371,'AT Crystal Working Stock','','','0.000','0.000','0.00000','2013-01-30','0.000','','','','',0,0,'',0,'','','',2,2,11,NULL,NULL,'0000-00-00 00:00:00'),(372,'LOO7 C1-A','','','0.000','0.000','0.00000','2013-01-30','0.000','','','','',0,0,'',0,'','','',2,2,11,NULL,NULL,'0000-00-00 00:00:00'),(373,'LOO7 C1-AB','','','0.000','0.000','0.00000','2013-01-30','0.000','','','','',0,0,'',0,'','','',2,2,11,NULL,NULL,'0000-00-00 00:00:00'),(374,'LOO7 C7-B','','','0.000','0.000','0.00000','2013-01-30','0.000','','','','',0,0,'',0,'','','',2,2,11,NULL,NULL,'0000-00-00 00:00:00'),(375,'CLAB','','','0.000','0.000','0.00000','2013-01-30','0.000','','','3.75 mg/ml','',0,0,'',0,'','','',2,2,11,NULL,NULL,'0000-00-00 00:00:00'),(376,'SJM','','','0.000','0.000','0.00000','2013-01-30','0.000','','','','',0,0,'',0,'','','',2,2,11,NULL,NULL,'0000-00-00 00:00:00'),(377,'7m','','','0.000','0.000','0.00000','2013-01-30','0.000','','','','',0,0,'',0,'','','',2,2,11,NULL,NULL,'0000-00-00 00:00:00'),(378,'t7m','','','0.000','0.000','0.00000','2013-01-30','0.000','','','','',0,0,'',0,'','','',2,2,11,NULL,NULL,'0000-00-00 00:00:00'),(379,'t11SP no His','','','0.000','0.000','0.00000','2013-01-30','0.000','','','','',0,0,'',0,'','','',2,2,11,NULL,NULL,'0000-00-00 00:00:00'),(380,'t7SP 23.67','','','0.000','0.000','0.00000','2013-01-30','0.000','','','2 tubes','',0,0,'',0,'','','',2,2,11,NULL,NULL,'0000-00-00 00:00:00'),(381,'t11SP 2.56','','','0.000','0.000','0.00000','2013-01-30','0.000','','','2 tubes','',0,0,'',0,'','','',2,2,11,NULL,NULL,'0000-00-00 00:00:00'),(382,'CL3 FPLC','','','0.000','0.000','0.00000','2013-01-30','0.000','','','0.55 mg/ml','',0,0,'',0,'','','',2,2,11,NULL,NULL,'0000-00-00 00:00:00'),(384,'LL6 FPLC','','','0.000','0.000','0.00000','2013-01-30','0.000','','','0.2 mg/ml','',0,0,'',0,'','','',2,2,11,NULL,NULL,'0000-00-00 00:00:00'),(385,'1MDTT','','','0.000','0.000','0.00000','2013-01-30','0.000','','','','',0,0,'',0,'','','',2,2,11,NULL,NULL,'0000-00-00 00:00:00'),(386,'t7SP no His','','','0.000','0.000','0.00000','2013-01-30','0.000','','','','',0,0,'',0,'','','',2,2,11,NULL,NULL,'0000-00-00 00:00:00'),(387,'O','','','0.000','0.000','0.00000','2013-01-30','0.000','','','13 mg/ml\r\n20 mg/ml\r\n25 mg/ml\r\n26 mg/ml\r\n','',0,0,'',0,'','','',2,2,11,NULL,NULL,'0000-00-00 00:00:00'),(388,'R','','','0.000','0.000','20.00000','2013-01-30','0.000','','','','',0,0,'',0,'','','',2,2,11,NULL,NULL,'0000-00-00 00:00:00'),(390,'rGFP3 no His','','','0.000','0.000','0.00000','2013-01-30','0.000','','','','',0,0,'',0,'','','',2,2,11,NULL,NULL,'0000-00-00 00:00:00'),(391,'rGFP3','','','0.000','0.000','20.00000','2013-01-30','0.000','','','','',0,0,'',0,'','','',2,2,11,NULL,NULL,'0000-00-00 00:00:00'),(392,'A','','','0.000','0.000','0.00000','0000-00-00','0.000','','','47 mg/ml\r\n20 mg/ml','',0,0,'',0,'','','',2,2,11,NULL,NULL,'0000-00-00 00:00:00'),(393,'AT','','','0.000','0.000','0.00000','2013-01-30','0.000','','','','',0,0,'',0,'','','',2,2,11,NULL,NULL,'0000-00-00 00:00:00'),(394,'HA3','','','0.000','0.000','0.00000','2013-01-30','0.000','','','','',0,0,'',0,'','','',2,2,11,NULL,NULL,'0000-00-00 00:00:00'),(396,'S7 His','','','0.000','0.000','0.00000','2013-01-30','0.000','','','','',0,0,'',0,'','','',2,2,11,NULL,NULL,'0000-00-00 00:00:00'),(397,'T7 BL','','','0.000','0.000','0.00000','2013-01-30','0.000','','','','',0,0,'',0,'','','',2,2,22,NULL,NULL,'0000-00-00 00:00:00'),(398,'HA4 (1 - 12)','','','0.000','0.000','0.00000','2013-01-30','0.000','','','','',0,0,'',0,'','','',2,2,22,NULL,NULL,'0000-00-00 00:00:00'),(399,'HA4 S (1-6)','','','0.000','0.000','0.00000','2013-01-30','0.000','','','','',0,0,'',0,'','','',2,2,22,NULL,NULL,'0000-00-00 00:00:00'),(400,'HA4 V','','','0.000','0.000','0.00000','2013-01-30','0.000','','','','',0,0,'',0,'','','',2,2,22,NULL,NULL,'0000-00-00 00:00:00'),(401,'t81S8','','','0.000','0.000','0.00000','2013-01-30','0.000','','','Real name is t8/s8','',0,0,'',0,'','','',2,2,22,NULL,NULL,'0000-00-00 00:00:00'),(402,'t41S4','','','0.000','0.000','0.00000','2013-01-30','0.000','','','','',0,0,'',0,'','','',2,2,22,NULL,NULL,'0000-00-00 00:00:00'),(403,'Thrombin','','','0.000','0.000','1.00000','2013-01-30','0.000','','','','',0,0,'',0,'','','',2,2,22,NULL,NULL,'0000-00-00 00:00:00'),(404,'t6/S6','','','0.000','0.000','0.00000','2013-01-30','0.000','','','','',0,0,'',0,'','','',2,2,22,NULL,NULL,'0000-00-00 00:00:00'),(405,'Acella Cell','','','0.000','0.000','0.00000','0000-00-00','0.000','','','','',0,0,'',0,'','','',2,2,22,NULL,NULL,'0000-00-00 00:00:00'),(406,'D HA3 His 4','','','0.000','0.000','0.00000','0000-00-00','0.000','','','','',0,0,'',0,'','','',2,2,22,NULL,NULL,'0000-00-00 00:00:00'),(407,'D HA3 His 3','','','0.000','0.000','0.00000','0000-00-00','0.000','','','','',0,0,'',0,'','','',2,2,22,NULL,NULL,'0000-00-00 00:00:00'),(408,'D RH','','','0.000','0.000','0.00000','0000-00-00','0.000','','','','',0,0,'',0,'','','',2,2,22,NULL,NULL,'0000-00-00 00:00:00'),(409,'t71S7','','','0.000','0.000','0.00000','0000-00-00','0.000','','','','',0,0,'',0,'','','',2,2,22,NULL,NULL,'0000-00-00 00:00:00'),(410,'t11S1','','','0.000','0.000','0.00000','0000-00-00','0.000','','','','',0,0,'',0,'','','',2,2,22,NULL,NULL,'0000-00-00 00:00:00'),(411,'SOC','','','0.000','0.000','0.00000','0000-00-00','0.000','','','2 ml','',0,0,'',0,'','','',2,2,22,NULL,NULL,'0000-00-00 00:00:00'),(412,'Test Palsmid','','','0.000','0.000','0.20000','0000-00-00','0.000','','','','',0,0,'',0,'','','',2,2,22,NULL,NULL,'0000-00-00 00:00:00'),(413,'Test Plasmid','','','0.000','0.000','0.20000','0000-00-00','0.000','','','0.2 ng/ml','',0,0,'',0,'','','',2,2,22,NULL,NULL,'0000-00-00 00:00:00'),(414,'AT no His','','','0.000','0.000','0.00000','0000-00-00','0.000','','','','',0,0,'',0,'','','',2,2,22,NULL,NULL,'0000-00-00 00:00:00'),(415,'OPT no His','','','1.000','0.000','0.00000','0000-00-00','0.000','','','','',0,0,'',0,'','','',2,2,22,NULL,NULL,'0000-00-00 00:00:00'),(416,'HA4 DS','','','0.000','0.000','0.00000','0000-00-00','0.000','','','','',0,0,'',0,'','','',2,2,22,NULL,NULL,'0000-00-00 00:00:00'),(418,'tA1SA','','','0.000','0.000','0.00000','0000-00-00','0.000','','','','',0,0,'',0,'','','',2,2,22,NULL,NULL,'0000-00-00 00:00:00'),(419,'intein KS','','','0.000','0.000','0.00000','0000-00-00','0.000','','','','',0,0,'',0,'','','',2,2,22,NULL,NULL,'0000-00-00 00:00:00'),(420,'intein PM','','','0.000','0.000','0.00000','0000-00-00','0.000','','','','',0,0,'',0,'','','',2,2,22,NULL,NULL,'0000-00-00 00:00:00'),(421,'intein GN','','','0.000','0.000','0.00000','0000-00-00','0.000','','','','',0,0,'',0,'','','',2,2,22,NULL,NULL,'0000-00-00 00:00:00'),(422,'intein NN','','','0.000','0.000','0.00000','0000-00-00','0.000','','','','',0,0,'',0,'','','',2,2,22,NULL,NULL,'0000-00-00 00:00:00'),(423,'HS Competent Cells','','','0.000','0.000','0.00000','0000-00-00','0.000','','','12 tubes','',0,0,'',0,'','','',2,2,24,NULL,NULL,'0000-00-00 00:00:00'),(424,'LOO7 CL AB2 Stock','','','0.000','0.000','0.00000','0000-00-00','0.000','','','','',0,0,'',0,'','','',2,2,2,NULL,NULL,'0000-00-00 00:00:00'),(425,'SJM LOO7 CLA5','','','0.000','0.000','0.00000','0000-00-00','0.000','','','','',0,0,'',0,'','','',2,2,2,NULL,NULL,'0000-00-00 00:00:00'),(426,'LOO7 CL B1','','','0.000','0.000','0.00000','0000-00-00','0.000','','','','',0,0,'',0,'','','',2,2,2,NULL,NULL,'0000-00-00 00:00:00'),(428,'CLA1 Stock','','','0.000','0.000','0.00000','0000-00-00','0.000','','','','',0,0,'',0,'','','',2,2,2,NULL,NULL,'0000-00-00 00:00:00'),(429,'CLB1 Stock','','','0.000','0.000','0.00000','0000-00-00','0.000','','','','',0,0,'',0,'','','',2,2,2,NULL,NULL,'0000-00-00 00:00:00'),(430,'CA 400','','','0.000','0.000','0.00000','0000-00-00','0.000','','','','',0,0,'',0,'','','',2,2,2,NULL,NULL,'0000-00-00 00:00:00'),(431,'D1-7 Induced Pellet','','','0.000','0.000','0.00000','0000-00-00','0.000','','','','',0,0,'',0,'','','',2,2,10,NULL,NULL,'0000-00-00 00:00:00'),(432,'7-2SP XL-1','','','0.000','0.000','0.00000','0000-00-00','0.000','','','2 Tubes','',0,0,'',0,'','','',2,2,10,NULL,NULL,'0000-00-00 00:00:00'),(433,'t10SP Nova','','','0.000','0.000','0.00000','0000-00-00','0.000','','','','',0,0,'',0,'','','',2,2,10,NULL,NULL,'0000-00-00 00:00:00'),(434,'S10T Nova','','','0.000','0.000','0.00000','0000-00-00','0.000','','','','',0,0,'',0,'','','',2,2,10,NULL,NULL,'0000-00-00 00:00:00'),(435,'PET GFP','','','0.000','0.000','0.00000','0000-00-00','0.000','','','','',0,0,'',0,'','','',2,2,10,NULL,NULL,'0000-00-00 00:00:00'),(436,'PGEM-SP-XL-1','','','0.000','0.000','0.00000','0000-00-00','0.000','','','','',0,0,'',0,'','','',2,2,10,NULL,NULL,'0000-00-00 00:00:00'),(437,'11SP XL-1','','','0.000','0.000','0.00000','0000-00-00','0.000','','','','',0,0,'',0,'','','',2,2,10,NULL,NULL,'0000-00-00 00:00:00'),(438,'OPT No His HA5','','','0.000','0.000','0.00000','0000-00-00','0.000','','','','',0,0,'',0,'','','',2,2,10,NULL,NULL,'0000-00-00 00:00:00'),(439,'CSP XL-1','','','0.000','0.000','0.00000','0000-00-00','0.000','','','','',0,0,'',0,'','','',2,2,10,NULL,NULL,'0000-00-00 00:00:00'),(440,'7-1SP-XL-1','','','0.000','0.000','0.00000','0000-00-00','0.000','','','','',0,0,'',0,'','','',2,2,10,NULL,NULL,'0000-00-00 00:00:00'),(441,'SPOPT XL-1','','','0.000','0.000','0.00000','0000-00-00','0.000','','','','',0,0,'',0,'','','',2,2,10,NULL,NULL,'0000-00-00 00:00:00'),(442,'Dt71S7','','','0.000','0.000','0.00000','0000-00-00','0.000','','','','',0,0,'',0,'','','',2,2,10,NULL,NULL,'0000-00-00 00:00:00'),(443,'t7new1S7 No His','','','0.000','0.000','0.00000','0000-00-00','0.000','','','','',0,0,'',0,'','','',2,2,10,NULL,NULL,'0000-00-00 00:00:00'),(444,'t7new1S7 - N226A','','','0.000','0.000','0.00000','0000-00-00','0.000','','','','',0,0,'',0,'','','',2,2,10,NULL,NULL,'0000-00-00 00:00:00'),(445,'GLO','','','0.000','0.000','0.00000','0000-00-00','0.000','','','','',0,0,'',0,'','','',2,2,10,NULL,NULL,'0000-00-00 00:00:00'),(446,'t7-1 JM109','','','0.000','0.000','0.00000','0000-00-00','0.000','','','Competent Cells','',0,0,'',0,'','','',2,2,10,NULL,NULL,'0000-00-00 00:00:00'),(447,'t7-2 JM109','','','0.000','0.000','0.00000','0000-00-00','0.000','','','Competent Cells','',0,0,'',0,'','','',2,2,10,NULL,NULL,'0000-00-00 00:00:00'),(448,'t11 JM109','','','0.000','0.000','0.00000','0000-00-00','0.000','','','Competent Cells','',0,0,'',0,'','','',2,2,10,NULL,NULL,'0000-00-00 00:00:00'),(449,'Competent Cells','','','0.000','0.000','0.00000','0000-00-00','0.000','','','18 tubes\r\n50 uL','',0,0,'',0,'','','',2,2,2,3,NULL,'0000-00-00 00:00:00'),(450,'CGFP','','','0.000','0.000','0.00000','0000-00-00','0.000','','','','',0,0,'',0,'','','',2,2,10,NULL,NULL,'0000-00-00 00:00:00'),(451,'BL21','','','0.000','0.000','0.00000','0000-00-00','0.000','','','','',0,0,'',0,'','','',2,2,10,NULL,NULL,'0000-00-00 00:00:00'),(452,'S7','','','0.000','0.000','0.00000','0000-00-00','0.000','','','','',0,0,'',0,'','','',2,2,10,NULL,NULL,'0000-00-00 00:00:00'),(453,'11S','','','0.000','0.000','0.00000','0000-00-00','0.000','','','','',0,0,'',0,'','','',2,2,10,NULL,NULL,'0000-00-00 00:00:00'),(454,'7-11 S7 BL21 SP','','','0.000','0.000','0.00000','0000-00-00','0.000','','','','',0,0,'',0,'','','',2,2,10,NULL,NULL,'0000-00-00 00:00:00'),(455,'OPT BL21','','','0.000','0.000','0.00000','0000-00-00','0.000','','','','',0,0,'',0,'','','',2,2,10,NULL,NULL,'0000-00-00 00:00:00'),(456,'CSP BL21','','','0.000','0.000','0.00000','0000-00-00','0.000','','','','',0,0,'',0,'','','',2,2,10,NULL,NULL,'0000-00-00 00:00:00'),(457,'EMR COMP','','','0.000','0.000','0.00000','2013-01-29','0.000','','','26 tubes in house competent cells','',0,0,'',0,'','','',2,2,4,NULL,5,'0000-00-00 00:00:00'),(458,'BL21 plysS','','','0.000','0.000','0.00000','0000-00-00','0.000','','','','',0,0,'',0,'','','',2,2,10,NULL,NULL,'0000-00-00 00:00:00'),(459,'t8','','','0.000','0.000','0.00000','0000-00-00','0.000','','','','',0,0,'',0,'','','',NULL,NULL,NULL,NULL,NULL,'0000-00-00 00:00:00'),(460,'BL21 plys','','','0.000','0.000','0.00000','0000-00-00','0.000','','','','',0,0,'',0,'','','',2,2,14,NULL,NULL,'0000-00-00 00:00:00'),(461,'S HA2 BL21','','','0.000','0.000','0.00000','0000-00-00','0.000','','','','',0,0,'',0,'','','',2,2,14,NULL,NULL,'0000-00-00 00:00:00'),(462,'S HA1 BL21','','','0.000','0.000','0.00000','0000-00-00','0.000','','','','',0,0,'',0,'','','',2,2,14,NULL,NULL,'0000-00-00 00:00:00'),(463,'S PB BL21','','','0.000','0.000','0.00000','0000-00-00','0.000','','','','',0,0,'',0,'','','',2,2,14,NULL,NULL,'0000-00-00 00:00:00'),(464,'S EC BL21','','','0.000','0.000','0.00000','0000-00-00','0.000','','','','',0,0,'',0,'','','',2,2,14,NULL,NULL,'0000-00-00 00:00:00'),(465,'Duet','','','0.000','0.000','0.00000','0000-00-00','0.000','','','','',0,0,'',0,'','','',2,2,13,NULL,NULL,'0000-00-00 00:00:00'),(466,'Duet HA2','','','0.000','0.000','0.00000','0000-00-00','0.000','','','','',0,0,'',0,'','','',2,2,13,NULL,NULL,'0000-00-00 00:00:00'),(467,'Duet PB','','','0.000','0.000','0.00000','0000-00-00','0.000','','','','',0,0,'',0,'','','',2,2,13,NULL,NULL,'0000-00-00 00:00:00'),(468,'vGFP XL-1B','','','0.000','0.000','0.00000','0000-00-00','0.000','','','Competent Cells','',0,0,'',0,'','','',2,2,13,NULL,NULL,'0000-00-00 00:00:00'),(469,'S1OH XL-1B','','','0.000','0.000','0.00000','0000-00-00','0.000','','','Competent Cells','',0,0,'',0,'','','',2,2,13,NULL,5,'0000-00-00 00:00:00'),(470,'t7SP-3','','','0.000','0.000','0.00000','0000-00-00','0.000','','','','',0,0,'',0,'','','',2,2,13,NULL,NULL,'0000-00-00 00:00:00'),(471,'WS2','','','0.000','0.000','0.00000','0000-00-00','0.000','','','','',0,0,'',0,'','','',2,2,13,NULL,NULL,'0000-00-00 00:00:00'),(472,'WS1','','','0.000','0.000','0.00000','0000-00-00','0.000','','','','',0,0,'',0,'','','',2,2,13,NULL,NULL,'0000-00-00 00:00:00'),(473,'WS3','','','0.000','0.000','0.00000','0000-00-00','0.000','','','','',0,0,'',0,'','','',2,2,13,NULL,NULL,'0000-00-00 00:00:00'),(474,'WS1/t7','','','0.000','0.000','0.00000','0000-00-00','0.000','','','','',0,0,'',0,'','','',2,2,13,NULL,NULL,'0000-00-00 00:00:00'),(475,'WS2/t7','','','0.000','0.000','0.00000','0000-00-00','0.000','','','','',0,0,'',0,'','','',2,2,13,NULL,NULL,'0000-00-00 00:00:00'),(476,'WS3/t7','','','0.000','0.000','0.00000','0000-00-00','0.000','','','','',0,0,'',0,'','','',2,2,13,NULL,NULL,'0000-00-00 00:00:00'),(477,'p PROt7','','','0.000','0.000','0.00000','0000-00-00','0.000','','','','',0,0,'',0,'','','',2,2,13,NULL,NULL,'0000-00-00 00:00:00'),(478,'t7SP31','','','0.000','0.000','0.00000','0000-00-00','0.000','','','','',0,0,'',0,'','','',2,2,13,NULL,NULL,'0000-00-00 00:00:00'),(479,'S7','','','0.000','0.000','0.00000','0000-00-00','0.000','','','','',0,0,'',0,'','','',2,2,13,NULL,NULL,'0000-00-00 00:00:00'),(480,'Acella Competent Cells','','','0.000','0.000','0.00000','0000-00-00','0.000','','','','',0,0,'',0,'','','',2,2,13,NULL,5,'0000-00-00 00:00:00'),(481,'BL21 DE3','','','0.000','0.000','0.00000','0000-00-00','0.000','','','','',0,0,'',0,'','','',2,2,13,NULL,NULL,'0000-00-00 00:00:00'),(482,'Acella pLysS','','','0.000','0.000','0.00000','0000-00-00','0.000','','','','',0,0,'',0,'','','',2,2,13,NULL,NULL,'0000-00-00 00:00:00'),(483,'TW-1','','','0.000','0.000','0.00000','0000-00-00','0.000','','','','',0,0,'',0,'','','',2,2,13,NULL,NULL,'0000-00-00 00:00:00'),(484,'TW-2','','','0.000','0.000','0.00000','0000-00-00','0.000','','','','',0,0,'',0,'','','',2,2,13,NULL,NULL,'0000-00-00 00:00:00'),(485,'PSK GFP','','','0.000','0.000','0.00000','0000-00-00','0.000','','','','',0,0,'',0,'','','',2,2,13,NULL,NULL,'0000-00-00 00:00:00'),(486,'PCDF','','','0.000','0.000','0.00000','0000-00-00','0.000','','','','',0,0,'',0,'','','',2,2,13,NULL,NULL,'0000-00-00 00:00:00'),(487,'XL-1 Blue','','','0.000','0.000','0.00000','0000-00-00','0.000','','','Competent Cells','',0,0,'',0,'','','',2,2,13,NULL,NULL,'0000-00-00 00:00:00'),(488,'BL21 pLysS','','','0.000','0.000','0.00000','0000-00-00','0.000','','','','',0,0,'',0,'','','',2,2,13,NULL,NULL,'0000-00-00 00:00:00'),(489,'JM 109','','','0.000','0.000','0.00000','0000-00-00','0.000','','','Competent Cells','',0,0,'',0,'','','',2,2,13,NULL,NULL,'0000-00-00 00:00:00'),(490,'JM 109','','','0.000','0.000','0.00000','0000-00-00','0.000','','','Competent Cells','',0,0,'',0,'','','',2,2,16,NULL,NULL,'0000-00-00 00:00:00'),(492,'OPT','','','0.000','0.000','0.00000','0000-00-00','0.000','','','','',0,0,'',0,'','','',2,2,18,NULL,NULL,'0000-00-00 00:00:00'),(493,'BL21','','','0.000','0.000','0.00000','2007-12-07','0.000','','','200 uL','',0,0,'',0,'','','',2,2,9,NULL,NULL,'0000-00-00 00:00:00'),(494,'OPT','','','0.000','0.000','0.00000','0000-00-00','0.000','','','','',0,0,'',0,'','','',2,2,18,NULL,NULL,'0000-00-00 00:00:00'),(495,'t7t7 stock','','','0.000','0.000','0.00000','0000-00-00','0.000','','','2 tubes','',0,0,'',0,'','','',2,2,18,NULL,NULL,'0000-00-00 00:00:00'),(496,'t4tS4','','','0.000','0.000','0.00000','0000-00-00','0.000','','','','',0,0,'',0,'','','',2,2,18,NULL,NULL,'0000-00-00 00:00:00'),(497,'R11tS11','','','0.000','0.000','0.00000','0000-00-00','0.000','','','','',0,0,'',0,'','','',2,2,18,NULL,NULL,'0000-00-00 00:00:00'),(498,'R3tS3','','','0.000','0.000','0.00000','0000-00-00','0.000','','','','',0,0,'',0,'','','',2,2,18,NULL,NULL,'0000-00-00 00:00:00'),(499,'R2tS2','','','0.000','0.000','0.00000','0000-00-00','0.000','','','','',0,0,'',0,'','','',2,2,18,NULL,NULL,'0000-00-00 00:00:00'),(500,'t11tS11','','','0.000','0.000','0.00000','0000-00-00','0.000','','','','',0,0,'',0,'','','',2,2,18,NULL,NULL,'0000-00-00 00:00:00'),(501,'R8t8 stock','','','0.000','0.000','0.00000','0000-00-00','0.000','','','','',0,0,'',0,'','','',2,2,18,NULL,NULL,'0000-00-00 00:00:00'),(502,'R5t5 stock','','','0.000','0.000','0.00000','0000-00-00','0.000','','','','',0,0,'',0,'','','',2,2,18,NULL,NULL,'0000-00-00 00:00:00'),(503,'t8t8 stock','','','0.000','0.000','0.00000','0000-00-00','0.000','','','','',0,0,'',0,'','','',2,2,18,NULL,NULL,'0000-00-00 00:00:00'),(504,'t9tS9','','','0.000','0.000','0.00000','0000-00-00','0.000','','','','',0,0,'',0,'','','',2,2,18,NULL,NULL,'0000-00-00 00:00:00'),(505,'t8tS8','','','0.000','0.000','0.00000','0000-00-00','0.000','','','','',0,0,'',0,'','','',2,2,18,NULL,NULL,'0000-00-00 00:00:00'),(506,'t10t10 stock','','','0.000','0.000','0.00000','0000-00-00','0.000','','','','',0,0,'',0,'','','',2,2,18,NULL,NULL,'0000-00-00 00:00:00'),(507,'t6t6 stock','','','0.000','0.000','0.00000','0000-00-00','0.000','','','','',0,0,'',0,'','','',2,2,18,NULL,NULL,'0000-00-00 00:00:00'),(508,'t5t5 stock','','','0.000','0.000','0.00000','0000-00-00','0.000','','','','',0,0,'',0,'','','',2,2,18,NULL,NULL,'0000-00-00 00:00:00'),(509,'R6tst','','','0.000','0.000','0.00000','0000-00-00','0.000','','','','',0,0,'',0,'','','',2,2,18,NULL,NULL,'0000-00-00 00:00:00'),(510,'tAtA stock','','','0.000','0.000','0.00000','0000-00-00','0.000','','','','',0,0,'',0,'','','',2,2,18,NULL,NULL,'0000-00-00 00:00:00'),(511,'t4t4 stock','','','0.000','0.000','0.00000','0000-00-00','0.000','','','','',0,0,'',0,'','','',2,2,18,NULL,NULL,'0000-00-00 00:00:00'),(512,'R7tS7','','','0.000','0.000','0.00000','0000-00-00','0.000','','','','',0,0,'',0,'','','',2,2,18,NULL,NULL,'0000-00-00 00:00:00'),(513,'t9tS9','','','0.000','0.000','0.00000','0000-00-00','0.000','','','','',0,0,'',0,'','','',2,2,18,NULL,NULL,'0000-00-00 00:00:00'),(514,'MB1 Duet','','','0.000','0.000','0.00000','0000-00-00','0.000','','','','',0,0,'',0,'','','',2,2,18,NULL,NULL,'0000-00-00 00:00:00'),(515,'R10tS10','','','0.000','0.000','0.00000','0000-00-00','0.000','','','','',0,0,'',0,'','','',2,2,18,NULL,NULL,'0000-00-00 00:00:00'),(516,'R2tS2','','','0.000','0.000','0.00000','0000-00-00','0.000','','','','',0,0,'',0,'','','',2,2,18,NULL,NULL,'0000-00-00 00:00:00'),(517,'R1tS1','','','0.000','0.000','0.00000','0000-00-00','0.000','','','','',0,0,'',0,'','','',2,2,18,NULL,NULL,'0000-00-00 00:00:00'),(518,'Io +S6 Duet','','','0.000','0.000','0.00000','0000-00-00','0.000','','','','',0,0,'',0,'','','',2,2,18,NULL,NULL,'0000-00-00 00:00:00'),(519,'Io + S7 Duet','','','0.000','0.000','0.00000','0000-00-00','0.000','','','','',0,0,'',0,'','','',2,2,18,NULL,NULL,'0000-00-00 00:00:00'),(520,'Io + S9 Duet','','','0.000','0.000','0.00000','0000-00-00','0.000','','','','',0,0,'',0,'','','',2,2,18,NULL,NULL,'0000-00-00 00:00:00'),(521,'Io + S11 Duet','','','0.000','0.000','0.00000','0000-00-00','0.000','','','','',0,0,'',0,'','','',2,2,18,NULL,NULL,'0000-00-00 00:00:00'),(522,'Io + S1 Duet','','','0.000','0.000','0.00000','0000-00-00','0.000','','','','',0,0,'',0,'','','',2,2,18,NULL,NULL,'0000-00-00 00:00:00'),(523,'Io + S2 Duet','','','0.000','0.000','0.00000','0000-00-00','0.000','','','','',0,0,'',0,'','','',2,2,18,NULL,NULL,'0000-00-00 00:00:00'),(524,'Io + S3 Duet','','','0.000','0.000','0.00000','0000-00-00','0.000','','','','',0,0,'',0,'','','',2,2,18,NULL,NULL,'0000-00-00 00:00:00'),(525,'Io + S8 Duet','','','0.000','0.000','0.00000','0000-00-00','0.000','','','','',0,0,'',0,'','','',2,2,18,NULL,NULL,'0000-00-00 00:00:00'),(526,'Io + S4 Duet','','','0.000','0.000','0.00000','0000-00-00','0.000','','','','',0,0,'',0,'','','',2,2,18,NULL,NULL,'0000-00-00 00:00:00'),(527,'His - Io Duet','','','0.000','0.000','0.00000','0000-00-00','0.000','','','','',0,0,'',0,'','','',2,2,18,NULL,NULL,'0000-00-00 00:00:00'),(528,'pet28 CL3-3','','','0.000','0.000','0.00000','0000-00-00','0.000','','','','',0,0,'',0,'','','',2,2,2,NULL,NULL,'0000-00-00 00:00:00'),(529,'pet28 Cl3-2','','','0.000','0.000','0.00000','0000-00-00','0.000','','','','',0,0,'',0,'','','',2,2,2,NULL,NULL,'0000-00-00 00:00:00'),(530,'pet28 CL3-1','','','0.000','0.000','0.00000','0000-00-00','0.000','','','','',0,0,'',0,'','','',2,2,2,NULL,NULL,'0000-00-00 00:00:00'),(531,'gamma GFP4','','','0.000','0.000','0.00000','0000-00-00','0.000','','','','',0,0,'',0,'','','',2,2,18,NULL,NULL,'0000-00-00 00:00:00'),(532,'gamma GFP3','','','0.000','0.000','0.00000','0000-00-00','0.000','','','','',0,0,'',0,'','','',2,2,18,NULL,NULL,'0000-00-00 00:00:00'),(533,'XL-1','','','0.000','0.000','0.00000','0000-00-00','0.000','','','','',0,0,'',0,'','','',2,2,23,NULL,NULL,'0000-00-00 00:00:00'),(534,'XL1B','','','0.000','0.000','0.00000','2007-11-27','0.000','','','','',0,0,'',0,'','','',2,2,3,NULL,NULL,'0000-00-00 00:00:00'),(535,'Alltrans','','','0.000','0.000','0.00000','0000-00-00','0.000','','','','',0,0,'',0,'','','',2,2,22,NULL,NULL,'0000-00-00 00:00:00'),(536,'loo9','','','0.000','0.000','0.00000','0000-00-00','0.000','','','','',0,0,'',0,'','','',NULL,NULL,NULL,NULL,NULL,'0000-00-00 00:00:00'),(537,'loo8LOO7 Oligo Mix','','','0.000','0.000','0.00000','0000-00-00','0.000','','','','',0,0,'',0,'','','',NULL,NULL,NULL,NULL,NULL,'0000-00-00 00:00:00'),(538,'loo8','','','0.000','0.000','0.00000','0000-00-00','0.000','','','','',0,0,'',0,'','','',NULL,NULL,NULL,NULL,NULL,'0000-00-00 00:00:00'),(539,'t9','','','0.000','0.000','0.00000','0000-00-00','0.000','','','','',0,0,'',0,'','','',NULL,NULL,NULL,NULL,NULL,'0000-00-00 00:00:00'),(540,'t11','','','0.000','0.000','0.00000','0000-00-00','0.000','','','','',0,0,'',0,'','','',NULL,NULL,NULL,NULL,NULL,'0000-00-00 00:00:00'),(541,'HA4 Peptide','0Ch','','0.000','0.000','0.00000','2013-02-14','15.300','','SSHEVSLGVSSA','Lyphilized powder. Do not open before sample reaches room temperature. Avoid prolonged exposure of sample to air (Do not leave the vial un-capped)','',0,0,'',0,'','','',1,6,1,9,2,'0000-00-00 00:00:00'),(542,'OPT','','','0.000','0.000','0.00000','0000-00-00','0.000','','','','',0,0,'',0,'','','',NULL,NULL,NULL,NULL,NULL,'0000-00-00 00:00:00'),(543,'st','','','0.000','0.000','0.00000','0000-00-00','0.000','','','','',0,0,'',0,'','','',NULL,NULL,NULL,NULL,NULL,'0000-00-00 00:00:00'),(544,'','','','0.000','0.000','0.00000','0000-00-00','0.000','','','','',0,0,'',0,'','','',NULL,NULL,NULL,NULL,NULL,'0000-00-00 00:00:00'),(545,'','','','0.000','0.000','0.00000','0000-00-00','0.000','','','','',0,0,'',0,'','','',NULL,NULL,NULL,NULL,NULL,'0000-00-00 00:00:00'),(546,'PB Oligo Set','','','0.000','0.000','0.00000','0000-00-00','0.000','','','','',0,0,'',0,'','','',1,1,81,2,NULL,'0000-00-00 00:00:00'),(547,'EC Oligo Set','','','0.000','0.000','0.00000','0000-00-00','0.000','','','','',0,0,'',0,'','','',1,1,81,2,NULL,'0000-00-00 00:00:00'),(548,'HA1 Oligo Set','','','0.000','0.000','0.00000','0000-00-00','0.000','','','','',0,0,'',0,'','','',1,1,81,2,NULL,'0000-00-00 00:00:00'),(549,'HA2 Oligo Set','','','0.000','0.000','0.00000','0000-00-00','0.000','','','','',0,0,'',0,'','','',1,1,81,2,NULL,'0000-00-00 00:00:00'),(550,'PB Mix','','','0.000','0.000','0.00000','2008-02-08','0.000','','','3 tubes dated\r\n2/28/08\r\n7/27\r\n3/17','',0,0,'',0,'','','',1,1,81,2,NULL,'0000-00-00 00:00:00'),(551,'HA2 Mix','','','0.000','0.000','0.00000','2008-02-28','0.000','','','3 tubes dated\r\n2/28/08\r\n7/27\r\n3/17','',0,0,'',0,'','','',1,1,81,2,NULL,'0000-00-00 00:00:00'),(552,'HA1 Mix','','','0.000','0.000','0.00000','0000-00-00','0.000','','','2 tubes dated\r\n7/27\r\n3/17','',0,0,'',0,'','','',1,1,81,2,NULL,'0000-00-00 00:00:00'),(553,'EC Mix','','','0.000','0.000','0.00000','2008-02-28','0.000','','','3 tubes dated\r\n2/28/08\r\n7/27\r\n3/17','',0,0,'',0,'','','',1,1,81,2,NULL,'0000-00-00 00:00:00'),(554,'1-1','','','0.000','0.000','116.00000','0000-00-00','0.000','','','Concentration: ng/uL','',0,0,'',0,'','','',1,1,77,2,NULL,'0000-00-00 00:00:00'),(555,'2-1','','','0.000','0.000','173.00000','0000-00-00','0.000','','','Concentration: ng/uL','',0,0,'',0,'','','',1,1,77,2,1,'0000-00-00 00:00:00'),(556,'3-1','','','0.000','0.000','167.00000','0000-00-00','0.000','','','Concentration: ng/uL','',0,0,'',0,'','','',1,1,77,2,1,'0000-00-00 00:00:00'),(557,'4-1','','','0.000','0.000','150.00000','0000-00-00','0.000','','','Concentration: ng/uL','',0,0,'',0,'','','',1,1,77,2,1,'0000-00-00 00:00:00'),(558,'5-1','','','0.000','0.000','183.00000','0000-00-00','0.000','','','Concentration: ng/uL','',0,0,'',0,'','','',1,1,77,2,1,'0000-00-00 00:00:00'),(559,'6-4','','','0.000','0.000','113.00000','0000-00-00','0.000','','','Concentration: ng/uL','',0,0,'',0,'','','',1,1,77,NULL,1,'0000-00-00 00:00:00'),(560,'7-1','','','0.000','0.000','165.00000','0000-00-00','0.000','','','Concentration: ng/uL','',0,0,'',0,'','','',1,1,77,2,1,'0000-00-00 00:00:00'),(561,'8-1','','','0.000','0.000','181.00000','0000-00-00','0.000','','','Concentration: ng/uL','',0,0,'',0,'','','',1,1,77,2,1,'0000-00-00 00:00:00'),(562,'9-1','','','0.000','0.000','185.00000','0000-00-00','0.000','','','concentration: ng/uL','',0,0,'',0,'','','',1,1,77,2,1,'0000-00-00 00:00:00'),(563,'10-1','','','0.000','0.000','183.00000','0000-00-00','0.000','','','concentration: ng/uL','',0,0,'',0,'','','',1,1,77,2,1,'0000-00-00 00:00:00'),(564,'11-2','','','0.000','0.000','163.00000','0000-00-00','0.000','','','concentration: ng/uL','',0,0,'',0,'','','',1,1,77,2,1,'0000-00-00 00:00:00'),(565,'12-1','','','0.000','0.000','169.00000','0000-00-00','0.000','','','concentration: ng/uL','',0,0,'',0,'','','',1,1,77,2,1,'0000-00-00 00:00:00'),(566,'t91','','','0.000','0.000','2.50000','0000-00-00','0.000','','','concentration: ng/uL','',0,0,'',0,'','','',1,1,77,2,1,'0000-00-00 00:00:00'),(567,'t91','','','0.000','0.000','183.00000','0000-00-00','0.000','','','concentration: ng/uL','',0,0,'',0,'','','',1,1,77,2,1,'0000-00-00 00:00:00'),(568,'1-1','','','0.000','0.000','147.00000','0000-00-00','0.000','','','concentration: ng/uL','',0,0,'',0,'','','',1,1,77,2,1,'0000-00-00 00:00:00'),(569,'2-1','','','0.000','0.000','160.00000','0000-00-00','0.000','','','concentration: ng/uL','',0,0,'',0,'','','',1,1,77,2,1,'0000-00-00 00:00:00'),(570,'3-1','','','0.000','0.000','152.00000','0000-00-00','0.000','','','concentration: ng/uL','',0,0,'',0,'','','',1,1,77,2,1,'0000-00-00 00:00:00'),(571,'4-1','','','0.000','0.000','151.00000','0000-00-00','0.000','','','concentration: ng/ul','',0,0,'',0,'','','',1,1,77,2,1,'0000-00-00 00:00:00'),(572,'5-1','','','0.000','0.000','150.00000','0000-00-00','0.000','','','concentration: ng/ul','',0,0,'',0,'','','',1,1,77,2,1,'0000-00-00 00:00:00'),(573,'6-1','','','0.000','0.000','170.00000','0000-00-00','0.000','','','concentration: ng/ul','',0,0,'',0,'','','',1,1,77,2,1,'0000-00-00 00:00:00'),(574,'7-4','','','0.000','0.000','95.00000','0000-00-00','0.000','','','concentration: ng/ul','',0,0,'',0,'','','',1,1,77,2,1,'0000-00-00 00:00:00'),(575,'8-2','','','0.000','0.000','183.00000','0000-00-00','0.000','','','concentration: ng/ul','',0,0,'',0,'','','',1,1,77,2,NULL,'0000-00-00 00:00:00'),(576,'9-2','','','0.000','0.000','183.00000','0000-00-00','0.000','','','concentration: ng/ul','',0,0,'',0,'','','',1,1,77,2,1,'0000-00-00 00:00:00'),(577,'10-1','','','0.000','0.000','177.00000','0000-00-00','0.000','','','concentration: ng/ul','',0,0,'',0,'','','',1,1,77,NULL,1,'0000-00-00 00:00:00'),(578,'11-3','','','0.000','0.000','176.00000','0000-00-00','0.000','','','concentration: ng/ul','',0,0,'',0,'','','',1,1,77,2,1,'0000-00-00 00:00:00'),(579,'12-1','','','0.000','0.000','185.00000','0000-00-00','0.000','','','concentration: ng/ul','',0,0,'',0,'','','',1,1,77,2,1,'0000-00-00 00:00:00'),(580,'r4','','','0.000','0.000','2.50000','0000-00-00','0.000','','','concentration: ng/ul','',0,0,'',0,'','','',1,1,77,2,1,'0000-00-00 00:00:00'),(581,'r4','','','0.000','0.000','188.00000','0000-00-00','0.000','','','concentration: ng/ul','',0,0,'',0,'','','',1,1,77,2,1,'0000-00-00 00:00:00'),(582,'OPT no His','','','0.000','0.000','2.50000','0000-00-00','0.000','','','concentration: ng/ul','',0,0,'',0,'','','',1,1,77,2,1,'0000-00-00 00:00:00'),(583,'OPT no His','','','0.000','0.000','152.00000','0000-00-00','0.000','','','concentration: ng/ul','',0,0,'',0,'','','',1,1,77,2,1,'0000-00-00 00:00:00'),(584,'t7SP','','','0.000','0.000','180.00000','0000-00-00','0.000','','','concentration: ng/ul','',0,0,'',0,'','','',1,1,77,2,1,'0000-00-00 00:00:00'),(585,'t11SP','','','0.000','0.000','152.00000','0000-00-00','0.000','','','concentration: ng/ul','',0,0,'',0,'','','',1,1,77,2,1,'0000-00-00 00:00:00'),(586,'rGFP3','','','0.000','0.000','5.00000','0000-00-00','0.000','','','concentration: ng/ul','',0,0,'',0,'','','',1,1,77,2,1,'0000-00-00 00:00:00'),(587,'Duet 2 Clal','','','0.000','0.000','130.00000','0000-00-00','0.000','','','concentration: ng/ul','',0,0,'',0,'','','',1,1,77,2,1,'0000-00-00 00:00:00'),(588,'Duet intein','','','0.000','0.000','177.00000','0000-00-00','0.000','','','concentration: ng/ul','',0,0,'',0,'','','',1,1,77,2,1,'0000-00-00 00:00:00'),(589,'Duet intein N226A','','','0.000','0.000','142.00000','0000-00-00','0.000','','','concentration: ng/ul','',0,0,'',0,'','','',1,1,77,2,1,'0000-00-00 00:00:00'),(590,'D intein S7','','','0.000','0.000','185.00000','0000-00-00','0.000','','','concentration: ng/ul','',0,0,'',0,'','','',1,1,77,2,1,'0000-00-00 00:00:00'),(591,'D intein N226A S7','','','0.000','0.000','183.00000','0000-00-00','0.000','','','concentration: ng/ul','',0,0,'',0,'','','',1,1,77,2,1,'0000-00-00 00:00:00'),(592,'Duet t7SP-B7','','','0.000','0.000','5.00000','0000-00-00','0.000','','','concentration: ng/ul','',0,0,'',0,'','','',1,1,77,2,1,'0000-00-00 00:00:00'),(593,'D t71S7*','','','0.000','0.000','241.00000','0000-00-00','0.000','','','concentration: ng/ul','',0,0,'',0,'','','',1,1,77,2,1,'0000-00-00 00:00:00'),(594,'D t7new1S7 no His','','','0.000','0.000','313.00000','0000-00-00','0.000','','','concentration: ng/ul','',0,0,'',0,'','','',1,1,77,2,1,'0000-00-00 00:00:00'),(595,'D t7new1S7 N226A','','','0.000','0.000','387.00000','0000-00-00','0.000','','','concentration: ng/ul','',0,0,'',0,'','','',1,1,77,2,1,'0000-00-00 00:00:00'),(596,'Duet intein','','','0.000','0.000','73.00000','2010-10-18','0.000','','','concentration: ng/ul','',0,0,'',0,'','','',1,1,77,2,1,'0000-00-00 00:00:00'),(598,'t11S1','','','0.000','0.000','226.00000','0000-00-00','0.000','','','concentration: ng/ul','',0,0,'',0,'','','',1,1,77,2,1,'0000-00-00 00:00:00'),(599,'t21S2','','','0.000','0.000','221.00000','0000-00-00','0.000','','','concentration: ng/ul','',0,0,'',0,'','','',1,1,77,2,1,'0000-00-00 00:00:00'),(600,'t31S3','','','0.000','0.000','251.00000','0000-00-00','0.000','','','concentration: ng/ul','',0,0,'',0,'','','',1,1,77,2,1,'0000-00-00 00:00:00'),(601,'t41S4','','','0.000','0.000','284.00000','0000-00-00','0.000','','','concentration: ng/ul','',0,0,'',0,'','','',1,1,77,2,1,'0000-00-00 00:00:00'),(602,'t51S5','','','0.000','0.000','254.00000','0000-00-00','0.000','','','concentration: ng/ul','',0,0,'',0,'','','',1,1,77,2,1,'0000-00-00 00:00:00'),(603,'t61S6','','','0.000','0.000','302.00000','0000-00-00','0.000','','','concentration: ng/ul','',0,0,'',0,'','','',1,1,77,2,1,'0000-00-00 00:00:00'),(604,'t71S7','','','0.000','0.000','390.00000','0000-00-00','0.000','','','concentration: ng/ul','',0,0,'',0,'','','',1,1,77,2,1,'0000-00-00 00:00:00'),(605,'t81S8','','','0.000','0.000','221.00000','0000-00-00','0.000','','','concentration: ng/ul','',0,0,'',0,'','','',1,1,77,2,1,'0000-00-00 00:00:00'),(606,'t91S9','','','0.000','0.000','147.00000','0000-00-00','0.000','','','concentration: ng/ul','',0,0,'',0,'','','',1,1,77,2,1,'0000-00-00 00:00:00'),(607,'t10-1S10','','','0.000','0.000','229.00000','0000-00-00','0.000','','','concentration: ng/ul','',0,0,'',0,'','','',1,1,77,2,1,'0000-00-00 00:00:00'),(608,'t11-1S11','','','0.000','0.000','207.00000','0000-00-00','0.000','','','concentration: ng/ul','',0,0,'',0,'','','',1,1,77,2,1,'0000-00-00 00:00:00'),(609,'tA1SA','','','0.000','0.000','207.00000','0000-00-00','0.000','','','concentration: ng/ul','',0,0,'',0,'','','',1,1,77,2,1,'0000-00-00 00:00:00'),(610,'t11S1','','','0.000','0.000','2.50000','0000-00-00','0.000','','','concentration: ng/ul','',0,0,'',0,'','','',1,1,77,2,1,'0000-00-00 00:00:00'),(611,'t21S2','','','0.000','0.000','2.50000','0000-00-00','0.000','','','concentration: ng/ul','',0,0,'',0,'','','',1,1,77,2,1,'0000-00-00 00:00:00'),(612,'t31S3','','','0.000','0.000','2.50000','0000-00-00','0.000','','','concentration: ng/ul','',0,0,'',0,'','','',1,1,77,2,1,'0000-00-00 00:00:00'),(613,'t41S4','','','0.000','0.000','2.50000','0000-00-00','0.000','','','concentration: ng/ul','',0,0,'',0,'','','',1,1,77,2,1,'0000-00-00 00:00:00'),(614,'t51S5','','','0.000','0.000','2.50000','0000-00-00','0.000','','','concentration: ng/ul','',0,0,'',0,'','','',1,1,77,2,1,'0000-00-00 00:00:00'),(615,'t61S6','','','0.000','0.000','2.50000','0000-00-00','0.000','','','concentration: ng/ul','',0,0,'',0,'','','',1,1,77,2,1,'0000-00-00 00:00:00'),(616,'t71S7','','','0.000','0.000','2.50000','0000-00-00','0.000','','','concentration: ng/ul','',0,0,'',0,'','','',1,1,77,2,1,'0000-00-00 00:00:00'),(617,'t81S8','','','0.000','0.000','2.50000','0000-00-00','0.000','','','concentration: ng/ul','',0,0,'',0,'','','',1,1,77,2,1,'0000-00-00 00:00:00'),(618,'t91S9','','','0.000','0.000','2.50000','0000-00-00','0.000','','','concentration: ng/ul','',0,0,'',0,'','','',1,1,77,2,1,'0000-00-00 00:00:00'),(619,'t10-1S10','','','0.000','0.000','2.50000','0000-00-00','0.000','','','concentration: ng/ul','',0,0,'',0,'','','',1,1,77,2,1,'0000-00-00 00:00:00'),(620,'t11-1S11','','','0.000','0.000','2.50000','0000-00-00','0.000','','','concentration: ng/ul','',0,0,'',0,'','','',1,1,77,2,1,'0000-00-00 00:00:00'),(621,'tA1SA','','','0.000','0.000','2.50000','0000-00-00','0.000','','','concentration: ng/ul','',0,0,'',0,'','','',1,1,77,2,1,'0000-00-00 00:00:00'),(622,'N1O','','','0.000','0.000','0.00000','0000-00-00','0.000','','','LOO genes primer','',0,0,'',0,'','','',1,1,84,2,NULL,'0000-00-00 00:00:00'),(623,'NN Oligo','','','0.000','0.000','0.00000','0000-00-00','0.000','','','Full name see file in Bystroff office','',0,0,'',0,'','','',1,1,48,NULL,NULL,'0000-00-00 00:00:00'),(624,'PM Oligo','','','0.000','0.000','0.00000','0000-00-00','0.000','','','Full name see file in Bystroff office','',0,0,'',0,'','','',1,1,48,NULL,NULL,'0000-00-00 00:00:00'),(625,'GN Oligo','','','0.000','0.000','0.00000','0000-00-00','0.000','','','Full name see file in Bystroff office','',0,0,'',0,'','','',1,1,48,NULL,NULL,'0000-00-00 00:00:00'),(626,'KS Oligo','','','0.000','0.000','0.00000','0000-00-00','0.000','','','Full name see file in Bystroff office','',0,0,'',0,'','','',1,1,48,NULL,NULL,'0000-00-00 00:00:00'),(627,'N2O','','','0.000','0.000','0.00000','0000-00-00','0.000','','','LOO genes primer','',0,0,'',0,'','','',1,1,84,2,NULL,'0000-00-00 00:00:00'),(628,'N3O','','','0.000','0.000','0.00000','0000-00-00','0.000','','','LOO genes primer','',0,0,'',0,'','','',1,1,84,2,NULL,'0000-00-00 00:00:00'),(629,'N4O','','','0.000','0.000','0.00000','0000-00-00','0.000','','','LOO genes primer','',0,0,'',0,'','','',1,1,84,2,NULL,'0000-00-00 00:00:00'),(630,'N5O','','','0.000','0.000','0.00000','0000-00-00','0.000','','','LOO genes primer','',0,0,'',0,'','','',1,1,84,2,NULL,'0000-00-00 00:00:00'),(631,'N6O','','','0.000','0.000','0.00000','0000-00-00','0.000','','','LOO genes primer','',0,0,'',0,'','','',1,1,84,2,NULL,'0000-00-00 00:00:00'),(632,'N7O','','','0.000','0.000','0.00000','0000-00-00','0.000','','','LOO genes primer','',0,0,'',0,'','','',1,1,84,2,NULL,'0000-00-00 00:00:00'),(633,'N8O','','','0.000','0.000','0.00000','0000-00-00','0.000','','','LOO genes primer','',0,0,'',0,'','','',1,1,84,2,NULL,'0000-00-00 00:00:00'),(634,'N9O','','','0.000','0.000','0.00000','0000-00-00','0.000','','','LOO genes primer','',0,0,'',0,'','','',1,1,84,2,NULL,'0000-00-00 00:00:00'),(635,'N10O','','','0.000','0.000','0.00000','0000-00-00','0.000','','','LOO genes primer','',0,0,'',0,'','','',1,1,84,2,NULL,'0000-00-00 00:00:00'),(636,'N11O','','','0.000','0.000','0.00000','0000-00-00','0.000','','','LOO genes primer','',0,0,'',0,'','','',1,1,84,2,NULL,'0000-00-00 00:00:00'),(637,'NAO','','','0.000','0.000','0.00000','0000-00-00','0.000','','','LOO genes primer','',0,0,'',0,'','','',1,1,84,2,NULL,'0000-00-00 00:00:00'),(638,'C1O','','','0.000','0.000','0.00000','0000-00-00','0.000','','','LOO genes primer','',0,0,'',0,'','','',1,1,84,2,NULL,'0000-00-00 00:00:00'),(640,'C2O','','','0.000','0.000','0.00000','0000-00-00','0.000','','','LOO genes primer','',0,0,'',0,'','','',1,1,84,2,NULL,'0000-00-00 00:00:00'),(641,'C3O','','','0.000','0.000','0.00000','0000-00-00','0.000','','','LOO genes primer','',0,0,'',0,'','','',1,1,84,2,NULL,'0000-00-00 00:00:00'),(642,'C4O','','','0.000','0.000','0.00000','0000-00-00','0.000','','','LOO genes primer','',0,0,'',0,'','','',1,1,84,2,NULL,'0000-00-00 00:00:00'),(643,'C5O','','','0.000','0.000','0.00000','0000-00-00','0.000','','','LOO genes primer','',0,0,'',0,'','','',1,1,84,2,NULL,'0000-00-00 00:00:00'),(644,'C6O','','','0.000','0.000','0.00000','0000-00-00','0.000','','','LOO genes primer','',0,0,'',0,'','','',1,1,84,2,NULL,'0000-00-00 00:00:00'),(645,'C7O','','','0.000','0.000','0.00000','0000-00-00','0.000','','','LOO genes primer','',0,0,'',0,'','','',1,1,84,2,NULL,'0000-00-00 00:00:00'),(646,'C8O','','','0.000','0.000','0.00000','0000-00-00','0.000','','','LOO genes primer','',0,0,'',0,'','','',1,1,84,2,NULL,'0000-00-00 00:00:00'),(647,'C9O','','','0.000','0.000','0.00000','0000-00-00','0.000','','','LOO genes primer','',0,0,'',0,'','','',1,1,84,2,NULL,'0000-00-00 00:00:00'),(648,'C10O','','','0.000','0.000','0.00000','0000-00-00','0.000','','','LOO genes primer','',0,0,'',0,'','','',1,1,84,2,NULL,'0000-00-00 00:00:00'),(649,'C11O','','','0.000','0.000','0.00000','0000-00-00','0.000','','','LOO genes primer','',0,0,'',0,'','','',1,1,84,2,NULL,'0000-00-00 00:00:00'),(650,'CAO','','','0.000','0.000','0.00000','0000-00-00','0.000','','','LOO genes primer','',0,0,'',0,'','','',1,1,84,2,NULL,'0000-00-00 00:00:00'),(651,'N1R','','','0.000','0.000','0.00000','0000-00-00','0.000','','','LOO genes primer','',0,0,'',0,'','','',1,1,84,2,NULL,'0000-00-00 00:00:00'),(652,'N2R','','','0.000','0.000','0.00000','0000-00-00','0.000','','','LOO genes primer','',0,0,'',0,'','','',1,1,84,2,NULL,'0000-00-00 00:00:00'),(653,'N3R','','','0.000','0.000','0.00000','0000-00-00','0.000','','','LOO genes primer','',0,0,'',0,'','','',1,1,84,2,NULL,'0000-00-00 00:00:00'),(654,'N4R','','','0.000','0.000','0.00000','0000-00-00','0.000','','','LOO genes primer','',0,0,'',0,'','','',1,1,84,2,NULL,'0000-00-00 00:00:00'),(655,'N5R','','','0.000','0.000','0.00000','0000-00-00','0.000','','','LOO genes primer','',0,0,'',0,'','','',1,1,84,2,NULL,'0000-00-00 00:00:00'),(656,'N6R','','','0.000','0.000','0.00000','0000-00-00','0.000','','','LOO genes primer','',0,0,'',0,'','','',1,1,84,2,NULL,'0000-00-00 00:00:00'),(657,'N7R','','','0.000','0.000','0.00000','0000-00-00','0.000','','','LOO genes primer','',0,0,'',0,'','','',1,1,84,2,NULL,'0000-00-00 00:00:00'),(658,'N8R','','','0.000','0.000','0.00000','0000-00-00','0.000','','','LOO genes primer','',0,0,'',0,'','','',1,1,84,2,NULL,'0000-00-00 00:00:00'),(659,'N9R','','','0.000','0.000','0.00000','0000-00-00','0.000','','','LOO genes primer','',0,0,'',0,'','','',1,1,84,2,NULL,'0000-00-00 00:00:00'),(660,'N10R','','','0.000','0.000','0.00000','0000-00-00','0.000','','','LOO genes primer','',0,0,'',0,'','','',1,1,84,2,NULL,'0000-00-00 00:00:00'),(661,'N11R','','','0.000','0.000','0.00000','0000-00-00','0.000','','','LOO genes primer','',0,0,'',0,'','','',1,1,84,2,NULL,'0000-00-00 00:00:00'),(662,'NAR','','','0.000','0.000','0.00000','0000-00-00','0.000','','','LOO genes primer','',0,0,'',0,'','','',1,1,84,2,NULL,'0000-00-00 00:00:00'),(663,'C1R','','','0.000','0.000','0.00000','0000-00-00','0.000','','','LOO genes primer','',0,0,'',0,'','','',1,1,84,2,NULL,'0000-00-00 00:00:00'),(664,'C2R','','','0.000','0.000','0.00000','0000-00-00','0.000','','','LOO genes primer','',0,0,'',0,'','','',1,1,84,2,NULL,'0000-00-00 00:00:00'),(665,'C3R','','','0.000','0.000','0.00000','0000-00-00','0.000','','','LOO genes primer','',0,0,'',0,'','','',1,1,84,2,NULL,'0000-00-00 00:00:00'),(666,'C4R','','','0.000','0.000','0.00000','0000-00-00','0.000','','','LOO genes primer','',0,0,'',0,'','','',1,1,84,2,NULL,'0000-00-00 00:00:00'),(667,'C5R','','','0.000','0.000','0.00000','0000-00-00','0.000','','','LOO genes primer','',0,0,'',0,'','','',1,1,84,2,NULL,'0000-00-00 00:00:00'),(668,'C6R','','','0.000','0.000','0.00000','0000-00-00','0.000','','','LOO genes primer','',0,0,'',0,'','','',1,1,84,2,NULL,'0000-00-00 00:00:00'),(669,'C7R','','','0.000','0.000','0.00000','0000-00-00','0.000','','','LOO genes primer','',0,0,'',0,'','','',1,1,84,2,NULL,'0000-00-00 00:00:00'),(670,'C8R','','','0.000','0.000','0.00000','0000-00-00','0.000','','','LOO genes primer','',0,0,'',0,'','','',1,1,84,2,NULL,'0000-00-00 00:00:00'),(671,'C9R','','','0.000','0.000','0.00000','0000-00-00','0.000','','','LOO genes primer','',0,0,'',0,'','','',1,1,84,2,NULL,'0000-00-00 00:00:00'),(672,'C10R','','','0.000','0.000','0.00000','0000-00-00','0.000','','','LOO genes primer','',0,0,'',0,'','','',1,1,84,2,NULL,'0000-00-00 00:00:00'),(673,'C11R','','','0.000','0.000','0.00000','0000-00-00','0.000','','','LOO genes primer','',0,0,'',0,'','','',1,1,84,2,NULL,'0000-00-00 00:00:00'),(674,'CAR','','','0.000','0.000','0.00000','0000-00-00','0.000','','','LOO genes primer','',0,0,'',0,'','','',1,1,84,2,NULL,'0000-00-00 00:00:00'),(675,'F01p','','','0.000','0.000','10.00000','0000-00-00','0.000','','','Concentration: uM','',0,0,'',0,'','','',1,1,84,2,NULL,'0000-00-00 00:00:00'),(676,'R13p','','','0.000','0.000','10.00000','0000-00-00','0.000','','','Concentration: uM','',0,0,'',0,'','','',1,1,84,2,NULL,'0000-00-00 00:00:00'),(677,'N link rGFP4','','','0.000','0.000','10.00000','0000-00-00','0.000','','','Concentration: uM','',0,0,'',0,'','','',1,1,84,2,NULL,'0000-00-00 00:00:00'),(678,'C link rGFP4','','','0.000','0.000','10.00000','0000-00-00','0.000','','','Concentration: uM','',0,0,'',0,'','','',1,1,84,2,NULL,'0000-00-00 00:00:00'),(679,'FO1\"','','','0.000','0.000','10.00000','0000-00-00','0.000','','','Concentration: uM','',0,0,'',0,'','','',1,1,84,2,NULL,'0000-00-00 00:00:00'),(680,'C EcoR1 rGFP4','','','0.000','0.000','10.00000','0000-00-00','0.000','','','Concentration: uM','',0,0,'',0,'','','',1,1,84,2,NULL,'0000-00-00 00:00:00'),(681,'N link rGFP4p','','','0.000','0.000','10.00000','0000-00-00','0.000','','','Concentration: uM','',0,0,'',0,'','','',1,1,84,2,NULL,'0000-00-00 00:00:00'),(682,'C link rGFP4p','','','0.000','0.000','10.00000','0000-00-00','0.000','','','Concentration: uM','',0,0,'',0,'','','',1,1,84,2,NULL,'0000-00-00 00:00:00'),(683,'HA4 H1','','','0.000','0.000','2.26000','0000-00-00','0.000','','','LOO plasmid design with HA4 peptide. Aliquot 1\r\nConcentration: ng/ul','',0,0,'',0,'','','',1,1,75,2,1,'0000-00-00 00:00:00'),(684,'HA4 H2','','','0.000','0.000','246.00000','0000-00-00','0.000','','','LOO plasmid design with HA4 peptide. Aliquot 2\r\nConcentration: ng/ul','',0,0,'',0,'','','',1,1,75,2,1,'0000-00-00 00:00:00'),(685,'HA4 H3','','','0.000','0.000','402.00000','0000-00-00','0.000','','','LOO plasmid design with HA4 peptide. Aliquot 3\r\nConcentration: ng/ul','',0,0,'',0,'','','',1,1,75,2,1,'0000-00-00 00:00:00'),(686,'HA4 H4','','','0.000','0.000','201.00000','0000-00-00','0.000','','','LOO plasmid design with HA4 peptide. Aliquot 4\r\nConcentration: ng/ul','',0,0,'',0,'','','',1,1,75,2,1,'0000-00-00 00:00:00'),(689,'HA4 H5','','','0.000','0.000','320.00000','0000-00-00','0.000','','','LOO plasmid design with HA4 peptide. Aliquot 5\r\nConcentration: ng/ul','',0,0,'',0,'','','',1,1,75,2,1,'0000-00-00 00:00:00'),(690,'HA4 H6','','','0.000','0.000','312.00000','0000-00-00','0.000','','','LOO plasmid design with HA4 peptide. Aliquot 6\r\nConcentration: ng/ul','',0,0,'',0,'','','',1,1,75,2,1,'0000-00-00 00:00:00'),(691,'HA4 H7','','','0.000','0.000','269.00000','0000-00-00','0.000','','','LOO plasmid design with HA4 peptide. Aliquot 7\r\nConcentration: ng/ul','',0,0,'',0,'','','',1,1,75,2,1,'0000-00-00 00:00:00'),(692,'HA4 H8','','','0.000','0.000','70.00000','0000-00-00','0.000','','','LOO plasmid design with HA4 peptide. Aliquot 8\r\nConcentration: ng/ul','',0,0,'',0,'','','',1,1,75,2,1,'0000-00-00 00:00:00'),(693,'HA4 H9','','','0.000','0.000','214.00000','0000-00-00','0.000','','','LOO plasmid design with HA4 peptide. Aliquot 9\r\nConcentration: ng/ul','',0,0,'',0,'','','',1,1,75,2,1,'0000-00-00 00:00:00'),(694,'HA4 H10','','','0.000','0.000','262.00000','0000-00-00','0.000','','','LOO plasmid design with HA4 peptide. Aliquot 10\r\nConcentration: ng/ul','',0,0,'',0,'','','',1,1,75,2,1,'0000-00-00 00:00:00'),(695,'HA4 H11','','','0.000','0.000','271.00000','0000-00-00','0.000','','','LOO plasmid design with HA4 peptide. Aliquot 11\r\nConcentration: ng/ul','',0,0,'',0,'','','',1,1,75,2,1,'0000-00-00 00:00:00'),(696,'HA4 H12','','','0.000','0.000','278.00000','0000-00-00','0.000','','','LOO plasmid design with HA4 peptide. Aliquot 12\r\nConcentration: ng/ul','',0,0,'',0,'','','',1,1,75,2,1,'0000-00-00 00:00:00'),(697,'NA1 N1','','','0.000','0.000','235.00000','0000-00-00','0.000','','','LOO plasmid design with NA1 peptide. Aliquot 1\r\nConcentration: ng/ul','',0,0,'',0,'','','',1,1,75,2,1,'0000-00-00 00:00:00'),(698,'NA1 N2','','','0.000','0.000','288.00000','0000-00-00','0.000','','','LOO plasmid design with NA1 peptide. Aliquot 2\r\nConcentration: ng/ul','',0,0,'',0,'','','',1,1,75,2,1,'0000-00-00 00:00:00'),(699,'NA1 N3','','','0.000','0.000','261.00000','0000-00-00','0.000','','','LOO plasmid design with NA1 peptide. Aliquot 3\r\nConcentration: ng/ul','',0,0,'',0,'','','',1,1,75,2,1,'0000-00-00 00:00:00'),(700,'NA1 N4','','','0.000','0.000','257.00000','0000-00-00','0.000','','','LOO plasmid design with NA1 peptide. Aliquot 4\r\nConcentration: ng/ul','',0,0,'',0,'','','',1,1,75,2,1,'0000-00-00 00:00:00'),(701,'NA1 N5','','','0.000','0.000','262.00000','0000-00-00','0.000','','','LOO plasmid design with NA1 peptide. Aliquot 5\r\nConcentration: ng/ul','',0,0,'',0,'','','',1,1,75,2,1,'0000-00-00 00:00:00'),(702,'NA1 N6','','','0.000','0.000','325.00000','0000-00-00','0.000','','','LOO plasmid design with NA1 peptide. Aliquot 6\r\nConcentration: ng/ul','',0,0,'',0,'','','',1,1,75,2,1,'0000-00-00 00:00:00'),(703,'NA1 N7','','','0.000','0.000','252.00000','0000-00-00','0.000','','','LOO plasmid design with NA1 peptide. Aliquot 7\r\nConcentration: ng/ul','',0,0,'',0,'','','',1,1,75,2,1,'0000-00-00 00:00:00'),(704,'NA1 N8','','','0.000','0.000','310.00000','0000-00-00','0.000','','','LOO plasmid design with NA1 peptide. Aliquot 8\r\nConcentration: ng/ul','',0,0,'',0,'','','',1,1,75,2,1,'0000-00-00 00:00:00'),(705,'NA1 N9','','','0.000','0.000','177.00000','0000-00-00','0.000','','','LOO plasmid design with NA1 peptide. Aliquot 9\r\nConcentration: ng/ul','',0,0,'',0,'','','',1,1,75,2,1,'0000-00-00 00:00:00'),(706,'NA1 N10','','','0.000','0.000','179.00000','0000-00-00','0.000','','','LOO plasmid design with NA1 peptide. Aliquot 10\r\nConcentration: ng/ul','',0,0,'',0,'','','',1,1,75,2,1,'0000-00-00 00:00:00'),(707,'NA1 N11','','','0.000','0.000','301.00000','0000-00-00','0.000','','','LOO plasmid design with NA1 peptide. Aliquot 11\r\nConcentration: ng/ul','',0,0,'',0,'','','',1,1,75,2,1,'0000-00-00 00:00:00'),(708,'NA1 N12','','','0.000','0.000','249.00000','0000-00-00','0.000','','','LOO plasmid design with NA1 peptide. Aliquot 12\r\nConcentration: ng/ul','',0,0,'',0,'','','',1,1,75,2,1,'0000-00-00 00:00:00'),(709,'HA4m','','','0.000','0.000','8.00000','2013-02-21','2.000','','','','',0,0,'',0,'Presently in +4, 3C07','','',2,2,11,9,2,'0000-00-00 00:00:00'),(710,'t7 HA4','','','0.000','0.000','203.00000','0000-00-00','0.000','','','Concentration: ng/ul','',0,0,'',0,'','','',1,1,75,2,1,'0000-00-00 00:00:00'),(711,'t7 HA4','','','0.000','0.000','191.00000','0000-00-00','0.000','','','Concentration: ng/ul','',0,0,'',0,'','','',1,1,75,2,1,'0000-00-00 00:00:00'),(712,'t7 NA1','','','0.000','0.000','191.00000','0000-00-00','0.000','','','Concentration: ng/ul\r\n2 tubes','',0,0,'',0,'','','',1,1,75,2,1,'0000-00-00 00:00:00'),(713,'s7 Duet','','','0.000','0.000','180.00000','0000-00-00','0.000','','','Concentration: ng/ul','',0,0,'',0,'','','',1,1,75,2,1,'0000-00-00 00:00:00'),(714,'HA3 Duet','','','0.000','0.000','250.00000','0000-00-00','0.000','','','Concentration: ng/ul','',0,0,'',0,'','','',1,1,75,2,1,'0000-00-00 00:00:00'),(715,'NA1 Duet','','','0.000','0.000','254.00000','0000-00-00','0.000','','','Concentration: ng/ul','',0,0,'',0,'','','',1,1,75,2,1,'0000-00-00 00:00:00'),(716,'NA2 Duet','','','0.000','0.000','188.00000','0000-00-00','0.000','','','Concentration: ng/ul','',0,0,'',0,'','','',1,1,75,2,1,'0000-00-00 00:00:00'),(717,'HA4','','','0.000','0.000','2.50000','0000-00-00','0.000','','','Concentration: ng/ul','',0,0,'',0,'','','',1,1,75,2,1,'0000-00-00 00:00:00'),(718,'NA1','','','0.000','0.000','2.50000','0000-00-00','0.000','','','Concentration: ng/ul','',0,0,'',0,'','','',1,1,75,2,1,'0000-00-00 00:00:00'),(719,'HA4','','','0.000','0.000','303.00000','0000-00-00','0.000','','','Concentration: ng/ul','',0,0,'',0,'','','',1,1,75,2,1,'0000-00-00 00:00:00'),(720,'NA1','','','0.000','0.000','253.00000','0000-00-00','0.000','','','Concentration: ng/ul','',0,0,'',0,'','','',1,1,75,2,1,'0000-00-00 00:00:00'),(721,'NA1 Duet','','','0.000','0.000','2.50000','0000-00-00','0.000','','','Concentration: ng/ul','',0,0,'',0,'','','',1,1,75,2,1,'0000-00-00 00:00:00'),(722,'D NA1 N226A','','','0.000','0.000','148.00000','0000-00-00','0.000','','','Concentration: ng/ul','',0,0,'',0,'','','',1,1,75,2,1,'0000-00-00 00:00:00'),(723,'NA1 Duet','','','0.000','0.000','281.00000','0000-00-00','0.000','','','Concentration: ng/ul','',0,0,'',0,'','','',1,1,75,2,1,'0000-00-00 00:00:00'),(724,'D NA1 N226A','','','0.000','0.000','158.00000','0000-00-00','0.000','','','Concentration: ng/ul','',0,0,'',0,'','','',1,1,75,2,1,'0000-00-00 00:00:00'),(726,'D HA3 N226A','','','0.000','0.000','151.00000','0000-00-00','0.000','','','Concentration: ng/ul','',0,0,'',0,'','','',1,1,75,2,1,'0000-00-00 00:00:00'),(727,'D HA3 N226A','','','0.000','0.000','123.00000','0000-00-00','0.000','','','Concentration: ng/ul','',0,0,'',0,'','','',1,1,75,2,1,'0000-00-00 00:00:00'),(728,'D NA1 N226A','','','0.000','0.000','2.50000','0000-00-00','0.000','','','Concentration: ng/ul','',0,0,'',0,'','','',1,1,75,2,1,'0000-00-00 00:00:00'),(730,'D HA3 N226A','','','0.000','0.000','2.50000','0000-00-00','0.000','','','Concentration: ng/ul','',0,0,'',0,'','','',1,1,75,2,1,'0000-00-00 00:00:00'),(731,'t7 HA4','','','0.000','0.000','2.50000','0000-00-00','0.000','','','Concentration: ng/ul','',0,0,'',0,'','','',1,1,75,2,1,'0000-00-00 00:00:00'),(732,'t7 NA1','','','0.000','0.000','2.50000','0000-00-00','0.000','','','Concentration: ng/ul','',0,0,'',0,'','','',1,1,75,2,1,'0000-00-00 00:00:00'),(733,'HA4','','','0.000','0.000','2.50000','0000-00-00','0.000','','','Concentration: ng/ul','',0,0,'',0,'','','',1,1,75,2,1,'0000-00-00 00:00:00'),(734,'NA1','','','0.000','0.000','2.50000','0000-00-00','0.000','','','Concentration: ng/ul','',0,0,'',0,'','','',1,1,75,2,1,'0000-00-00 00:00:00'),(735,'cHA17 teV','','','0.000','0.000','119.00000','0000-00-00','0.000','','','Concentration: ng/ul','',0,0,'',0,'','','',1,1,75,2,1,'0000-00-00 00:00:00'),(736,'HA3 Duet','','','0.000','0.000','215.00000','0000-00-00','0.000','','','Concentration: ng/ul','',0,0,'',0,'','','',1,1,75,2,1,'0000-00-00 00:00:00'),(737,'cHA6','','','0.000','0.000','2.50000','0000-00-00','0.000','','','Concentration: ng/ul','',0,0,'',0,'','','',1,1,75,2,1,'0000-00-00 00:00:00'),(738,'cHA17','','','0.000','0.000','2.50000','0000-00-00','0.000','','','Concentration: ng/ul','',0,0,'',0,'','','',1,1,75,2,1,'0000-00-00 00:00:00'),(739,'cHA6','','','0.000','0.000','222.00000','0000-00-00','0.000','','','Concentration: ng/ul','',0,0,'',0,'','','',1,1,75,2,1,'0000-00-00 00:00:00'),(740,'cHA17','','','0.000','0.000','283.00000','0000-00-00','0.000','','','Concentration: ng/ul','',0,0,'',0,'','','',1,1,75,2,1,'0000-00-00 00:00:00'),(741,'cHA17 tev','','','0.000','0.000','2.50000','0000-00-00','0.000','','','Concentration: ng/ul','',0,0,'',0,'','','',1,1,75,2,1,'0000-00-00 00:00:00'),(742,'cHA6 tev','','','0.000','0.000','127.00000','0000-00-00','0.000','','','Concentration: ng/ul','',0,0,'',0,'','','',1,1,75,2,1,'0000-00-00 00:00:00'),(743,'cHA17 tev','','','0.000','0.000','119.00000','0000-00-00','0.000','','','Concentration: ng/ul','',0,0,'',0,'','','',1,1,75,2,1,'0000-00-00 00:00:00'),(744,'iS11 His','','','0.000','0.000','146.00000','0000-00-00','0.000','','','Concentration: ng/ul','',0,0,'',0,'','','',1,1,70,2,1,'0000-00-00 00:00:00'),(745,'iS11 His','','','0.000','0.000','177.00000','0000-00-00','0.000','','','Concentration: ng/ul','',0,0,'',0,'','','',1,1,70,2,1,'0000-00-00 00:00:00'),(746,'iS6 His','','','0.000','0.000','178.00000','0000-00-00','0.000','','','Concentration: ng/ul','',0,0,'',0,'','','',1,1,70,2,1,'0000-00-00 00:00:00'),(747,'iS6 His','','','0.000','0.000','116.00000','0000-00-00','0.000','','','Concentration: ng/ul','',0,0,'',0,'','','',1,1,70,2,1,'0000-00-00 00:00:00'),(748,'iS5 His','','','0.000','0.000','202.00000','0000-00-00','0.000','','','Concentration: ng/ul','',0,0,'',0,'','','',1,1,70,2,1,'0000-00-00 00:00:00'),(749,'iS5 His','','','0.000','0.000','218.00000','0000-00-00','0.000','','','Concentration: ng/ul','',0,0,'',0,'','','',1,1,70,2,1,'0000-00-00 00:00:00'),(750,'iS2 His','','','0.000','0.000','214.00000','0000-00-00','0.000','','','Concentration: ng/ul','',0,0,'',0,'','','',1,1,70,2,1,'0000-00-00 00:00:00'),(751,'iS1 His','','','0.000','0.000','171.00000','0000-00-00','0.000','','','Concentration: ng/ul','',0,0,'',0,'','','',1,1,70,2,1,'0000-00-00 00:00:00'),(752,'iSA His','','','0.000','0.000','213.00000','0000-00-00','0.000','','','Concentration: ng/ul','',0,0,'',0,'','','',1,1,70,2,1,'0000-00-00 00:00:00'),(753,'S9 R','','','0.000','0.000','10.00000','0000-00-00','0.000','','','Concentration: uM','',0,0,'',0,'','','',1,1,70,2,1,'0000-00-00 00:00:00'),(754,'S9 F','','','0.000','0.000','10.00000','0000-00-00','0.000','','','Concentration: uM','',0,0,'',0,'','','',1,1,70,2,1,'0000-00-00 00:00:00'),(755,'iiHA3 His','','','0.000','0.000','200.00000','0000-00-00','0.000','','','HA3 peptide fused to inactive intein in pDuet vector\r\nConcentration: ng/ul','',0,0,'',0,'','','',1,1,70,2,1,'0000-00-00 00:00:00'),(756,'iiHA3 His','','','0.000','0.000','207.00000','0000-00-00','0.000','','','HA3 peptide fused to inactive intein in pDuet vector\r\nConcentration: ng/ul','',0,0,'',0,'','','',1,1,70,2,1,'0000-00-00 00:00:00'),(757,'ii7 His','','','0.000','0.000','2.50000','0000-00-00','0.000','','','Concentration: ng/ul\r\n','',0,0,'',0,'','','',1,1,70,2,1,'0000-00-00 00:00:00'),(758,'ii7 His','','','0.000','0.000','177.00000','0000-00-00','0.000','','','Concentration: ng/ul','',0,0,'',0,'','','',1,1,70,2,1,'0000-00-00 00:00:00'),(759,'intein N226A s7','','','0.000','0.000','2.50000','0000-00-00','0.000','','','Concentration: ng/ul','',0,0,'',0,'','','',1,1,70,2,1,'0000-00-00 00:00:00'),(760,'intein N226A S7','','','0.000','0.000','2.50000','0000-00-00','0.000','','','Concentration: ng/ul','',0,0,'',0,'','','',1,1,70,2,1,'0000-00-00 00:00:00'),(761,'intein N226A S7','','','0.000','0.000','127.00000','0000-00-00','0.000','','','Concentration: ng/ul','',0,0,'',0,'','','',1,1,70,2,1,'0000-00-00 00:00:00'),(762,'i S R','','','0.000','0.000','10.00000','0000-00-00','0.000','','','Concentration: uM','',0,0,'',0,'','','',1,1,70,2,1,'0000-00-00 00:00:00'),(763,'i S F','','','0.000','0.000','10.00000','0000-00-00','0.000','','','Concentration: uM','',0,0,'',0,'','','',1,1,70,2,1,'0000-00-00 00:00:00'),(764,'D HA3 N226A His no CBD','','','0.000','0.000','2.50000','0000-00-00','0.000','','','Concentration: ng/ul','',0,0,'',0,'','','',1,1,70,2,1,'0000-00-00 00:00:00'),(765,'D HA3 N226A His no CBD','','','0.000','0.000','267.00000','0000-00-00','0.000','','','Concentration: ng/ul','',0,0,'',0,'','','',1,1,70,2,1,'0000-00-00 00:00:00'),(766,'S7 N226A no CBD His','','','0.000','0.000','2.50000','0000-00-00','0.000','','','Concentration: ng/ul','',0,0,'',0,'','','',1,1,70,2,1,'0000-00-00 00:00:00'),(767,'S7 N226A No CBD His','','','0.000','0.000','209.00000','0000-00-00','0.000','','','Concentration: ng/ul','',0,0,'',0,'','','',1,1,70,2,1,'0000-00-00 00:00:00'),(768,'OPT HA6','','','0.000','0.000','168.00000','0000-00-00','0.000','','','Concentration: ng/ul','',0,0,'',0,'','','',1,1,69,2,1,'0000-00-00 00:00:00'),(769,'OPT HA6','','','0.000','0.000','109.00000','0000-00-00','0.000','','','Concentration: ng/ul','',0,0,'',0,'','','',1,1,69,2,1,'0000-00-00 00:00:00'),(770,'OPT HA6','','','0.000','0.000','189.00000','0000-00-00','0.000','','','Concentration: ng/ul','',0,0,'',0,'','','',1,1,69,2,1,'0000-00-00 00:00:00'),(771,'OPT HA5','','','0.000','0.000','141.00000','0000-00-00','0.000','','','Concentration: ng/ul','',0,0,'',0,'','','',1,1,69,2,1,'0000-00-00 00:00:00'),(772,'OPT HA5','','','0.000','0.000','164.00000','0000-00-00','0.000','','','Concentration: ng/ul','',0,0,'',0,'','','',1,1,69,2,1,'0000-00-00 00:00:00'),(773,'OPT HA5','','','0.000','0.000','156.00000','0000-00-00','0.000','','','Concentration: ng/ul','',0,0,'',0,'','','',1,1,72,2,1,'0000-00-00 00:00:00'),(774,'solo HA4 DS2','','','0.000','0.000','147.00000','0000-00-00','0.000','','','Concentration: ng/ul','',0,0,'',0,'','','',1,1,69,2,1,'0000-00-00 00:00:00'),(775,'solo HA4 DS1','','','0.000','0.000','114.00000','0000-00-00','0.000','','','Concentration: ng/ul','',0,0,'',0,'','','',1,1,69,2,1,'0000-00-00 00:00:00'),(776,'duo HA4 DS2','','','0.000','0.000','287.00000','0000-00-00','0.000','','','Concentration: ng/ul','',0,0,'',0,'','','',1,1,69,2,1,'0000-00-00 00:00:00'),(777,'duo HA4 DS1','','','0.000','0.000','301.00000','0000-00-00','0.000','','','Concentration: ng/ul','',0,0,'',0,'','','',1,1,69,2,1,'0000-00-00 00:00:00'),(778,'AT','','','0.000','0.000','112.00000','0000-00-00','0.000','','','Concentration: ng/ul','',0,0,'',0,'','','',1,1,69,2,1,'0000-00-00 00:00:00'),(779,'OPT','','','0.000','0.000','5.00000','0000-00-00','0.000','','','Concentration: ng/ul','',0,0,'',0,'','','',1,1,69,2,1,'0000-00-00 00:00:00'),(780,'rGFP4','','','0.000','0.000','5.00000','0000-00-00','0.000','','','Concentration: ng/ul','',0,0,'',0,'','','',1,1,69,2,1,'0000-00-00 00:00:00'),(781,'AllTrans','','','0.000','0.000','13.00000','0000-00-00','0.000','','','Concentration: ng/ul','',0,0,'',0,'','','',1,1,69,2,1,'0000-00-00 00:00:00'),(782,'rGFP4 His','','','0.000','0.000','5.00000','0000-00-00','0.000','','','Concentration: ng/ul','',0,0,'',0,'','','',1,1,72,2,1,'0000-00-00 00:00:00'),(783,'t1','','','0.000','0.000','5.00000','0000-00-00','0.000','','','Concentration: ng/ul','',0,0,'',0,'','','',1,1,69,2,1,'0000-00-00 00:00:00'),(784,'t2','','','0.000','0.000','5.00000','0000-00-00','0.000','','','Concentration: ng/ul','',0,0,'',0,'','','',1,1,69,2,1,'0000-00-00 00:00:00'),(785,'t3','','','0.000','0.000','5.00000','0000-00-00','0.000','','','Concentration: ng/ul','',0,0,'',0,'','','',1,1,69,2,1,'0000-00-00 00:00:00'),(786,'t4','','','0.000','0.000','5.00000','0000-00-00','0.000','','','Concentration: ng/ul','',0,0,'',0,'','','',1,1,69,2,1,'0000-00-00 00:00:00'),(787,'t5','','','0.000','0.000','5.00000','0000-00-00','0.000','','','Concentration: ng/ul','',0,0,'',0,'','','',1,1,69,2,1,'0000-00-00 00:00:00'),(788,'t6','','','0.000','0.000','5.00000','0000-00-00','0.000','','','Concentration: ng/ul','',0,0,'',0,'','','',1,1,69,2,1,'0000-00-00 00:00:00'),(789,'t7','','','0.000','0.000','5.00000','0000-00-00','0.000','','','Concentration: ng/ul','',0,0,'',0,'','','',1,1,69,2,1,'0000-00-00 00:00:00'),(790,'t8','','','0.000','0.000','5.00000','0000-00-00','0.000','','','Concentration: ng/ul','',0,0,'',0,'','','',1,1,69,2,1,'0000-00-00 00:00:00'),(791,'t9','','','0.000','0.000','5.00000','0000-00-00','0.000','','','Concentration: ng/ul','',0,0,'',0,'','','',1,1,69,2,1,'0000-00-00 00:00:00'),(792,'t10','','','0.000','0.000','5.00000','0000-00-00','0.000','','','Concentration: ng/ul','',0,0,'',0,'','','',1,1,69,2,1,'0000-00-00 00:00:00'),(793,'tA','','','0.000','0.000','5.00000','0000-00-00','0.000','','','Concentration: ng/ul','',0,0,'',0,'','','',1,1,69,2,1,'0000-00-00 00:00:00'),(794,'R1','','','0.000','0.000','5.00000','0000-00-00','0.000','','','Concentration: ng/ul','',0,0,'',0,'','','',1,1,69,2,1,'0000-00-00 00:00:00'),(795,'R2','','','0.000','0.000','5.00000','0000-00-00','0.000','','','Concentration: ng/ul','',0,0,'',0,'','','',1,1,69,2,1,'0000-00-00 00:00:00'),(796,'R3','','','0.000','0.000','5.00000','0000-00-00','0.000','','','Concentration: ng/ul','',0,0,'',0,'','','',1,1,69,2,1,'0000-00-00 00:00:00'),(797,'R4','','','0.000','0.000','5.00000','0000-00-00','0.000','','','Concentration: ng/ul','',0,0,'',0,'','','',1,1,69,2,1,'0000-00-00 00:00:00'),(798,'R5','','','0.000','0.000','5.00000','0000-00-00','0.000','','','Concentration: ng/ul','',0,0,'',0,'','','',1,1,69,2,1,'0000-00-00 00:00:00'),(799,'R6','','','0.000','0.000','5.00000','0000-00-00','0.000','','','Concentration: ng/ul','',0,0,'',0,'','','',1,1,69,2,1,'0000-00-00 00:00:00'),(800,'R7','','','0.000','0.000','5.00000','0000-00-00','0.000','','','Concentration: ng/ul','',0,0,'',0,'','','',1,1,69,2,1,'0000-00-00 00:00:00'),(801,'R8','','','0.000','0.000','5.00000','0000-00-00','0.000','','','Concentration: ng/ul','',0,0,'',0,'','','',1,1,69,2,1,'0000-00-00 00:00:00'),(802,'R9','','','0.000','0.000','5.00000','0000-00-00','0.000','','','Concentration: ng/ul','',0,0,'',0,'','','',1,1,69,2,1,'0000-00-00 00:00:00'),(803,'R10','','','0.000','0.000','5.00000','0000-00-00','0.000','','','Concentration: ng/ul','',0,0,'',0,'','','',1,1,69,2,1,'0000-00-00 00:00:00'),(804,'R11','','','0.000','0.000','5.00000','0000-00-00','0.000','','','Concentration: ng/ul','',0,0,'',0,'','','',1,1,69,2,1,'0000-00-00 00:00:00'),(805,'RA','','','0.000','0.000','5.00000','0000-00-00','0.000','','','Concentration: ng/ul','',0,0,'',0,'','','',1,1,69,2,1,'0000-00-00 00:00:00'),(806,'Duet HA1','','','0.000','0.000','118.00000','0000-00-00','0.000','','','Concentration: ng/ul','',0,0,'',0,'','','',1,1,58,2,1,'0000-00-00 00:00:00'),(807,'Duet HA2','','','0.000','0.000','131.00000','0000-00-00','0.000','','','Concentration: ng/ul','',0,0,'',0,'','','',1,1,58,2,1,'0000-00-00 00:00:00'),(808,'Duet PB','','','0.000','0.000','125.00000','0000-00-00','0.000','','','Concentration: ng/ul','',0,0,'',0,'','','',1,1,58,2,1,'0000-00-00 00:00:00'),(809,'Duet EC','','','0.000','0.000','113.00000','0000-00-00','0.000','','','Concentration: ng/ul','',0,0,'',0,'','','',1,1,58,2,1,'0000-00-00 00:00:00'),(810,'Duet HA1','','','0.000','0.000','5.00000','0000-00-00','0.000','','','Concentration: ng/ul','',0,0,'',0,'','','',1,1,58,2,1,'0000-00-00 00:00:00'),(811,'pET t7-1','','','0.000','0.000','13.40000','0000-00-00','0.000','','','Concentration: ng/ul','',0,0,'',0,'','','',1,1,58,2,1,'0000-00-00 00:00:00'),(812,'t7-2','','','0.000','0.000','55.70000','0000-00-00','0.000','','','Concentration: ng/ul','',0,0,'',0,'','','',1,1,58,2,1,'0000-00-00 00:00:00'),(813,'t11','','','0.000','0.000','53.80000','0000-00-00','0.000','','','Concentration: ng/ul','',0,0,'',0,'','','',1,1,58,2,1,'0000-00-00 00:00:00'),(814,'cGFP','','','0.000','0.000','53.20000','0000-00-00','0.000','','','Concentration: ng/ul','',0,0,'',0,'','','',1,1,58,2,1,'0000-00-00 00:00:00'),(815,'p GEM SP-19','','','0.000','0.000','94.10000','0000-00-00','0.000','','','Concentration: ng/ul','',0,0,'',0,'','','',1,1,58,2,1,'0000-00-00 00:00:00'),(816,'p GEM SP-22','','','0.000','0.000','88.80000','0000-00-00','0.000','','','Concentration: ng/ul','',0,0,'',0,'','','',1,1,58,2,1,'0000-00-00 00:00:00'),(817,'p GEM SP-23','','','0.000','0.000','246.50000','0000-00-00','0.000','','','Concentration: ng/ul','',0,0,'',0,'','','',1,1,58,2,1,'0000-00-00 00:00:00'),(818,'p GEM SP-32','','','0.000','0.000','144.30000','0000-00-00','0.000','','','Concentration: ng/ul','',0,0,'',0,'','','',1,1,58,2,1,'0000-00-00 00:00:00'),(819,'p GEM SP-31','','','0.000','0.000','129.90000','0000-00-00','0.000','','','Concentration: ng/ul','',0,0,'',0,'','','',1,1,58,2,1,'0000-00-00 00:00:00'),(820,'Duet S7','','','0.000','0.000','204.00000','0000-00-00','0.000','','','Concentration: ng/ul','',0,0,'',0,'','','',1,1,58,2,1,'0000-00-00 00:00:00'),(821,'Duet S7/t7','','','0.000','0.000','230.00000','0000-00-00','0.000','','','Concentration: ng/ul','',0,0,'',0,'','','',1,1,58,2,1,'0000-00-00 00:00:00'),(822,'V Dueat S7/t7','','','0.000','0.000','270.00000','0000-00-00','0.000','','','Concentration: ng/ul','',0,0,'',0,'','','',1,1,85,2,1,'0000-00-00 00:00:00'),(823,'V Duet s7/t7','','','0.000','0.000','270.00000','0000-00-00','0.000','','','Concentration: ng/ul','',0,0,'',0,'','','',1,1,58,2,1,'0000-00-00 00:00:00'),(824,'S HA1','','','0.000','0.000','216.00000','0000-00-00','0.000','','','Concentration: ng/ul','',0,0,'',0,'','','',1,1,58,2,1,'0000-00-00 00:00:00'),(825,'S HA2','','','0.000','0.000','202.00000','0000-00-00','0.000','','','Concentration: ng/ul','',0,0,'',0,'','','',1,1,58,2,1,'0000-00-00 00:00:00'),(826,'S PB','','','0.000','0.000','217.00000','0000-00-00','0.000','','','Concentration: ng/ul','',0,0,'',0,'','','',1,1,58,2,1,'0000-00-00 00:00:00'),(827,'S EC','','','0.000','0.000','253.00000','0000-00-00','0.000','','','Concentration: ng/ul','',0,0,'',0,'','','',1,1,58,2,1,'0000-00-00 00:00:00'),(828,'S HA1','','','0.000','0.000','2.50000','0000-00-00','0.000','','','Concentration: ng/ul','',0,0,'',0,'','','',1,1,58,2,1,'0000-00-00 00:00:00'),(829,'S HA2','','','0.000','0.000','2.50000','0000-00-00','0.000','','','Concentration: ng/ul','',0,0,'',0,'','','',1,1,58,2,1,'0000-00-00 00:00:00'),(830,'S PB','','','0.000','0.000','2.50000','0000-00-00','0.000','','','Concentration: ng/ul','',0,0,'',0,'','','',1,1,58,2,1,'0000-00-00 00:00:00'),(831,'S EC','','','0.000','0.000','2.50000','0000-00-00','0.000','','','Concentration: ng/ul','',0,0,'',0,'','','',1,1,58,2,1,'0000-00-00 00:00:00'),(832,'7-2 GLO','','','0.000','0.000','10.00000','0000-00-00','0.000','','','Concentration: ng/ul','',0,0,'',0,'','','',1,1,58,2,1,'0000-00-00 00:00:00'),(833,'7-1 GLO','','','0.000','0.000','10.00000','0000-00-00','0.000','','','Concentration: ng/ul','',0,0,'',0,'','','',1,1,58,2,1,'0000-00-00 00:00:00'),(834,'11 GLO','','','0.000','0.000','10.00000','0000-00-00','0.000','','','Concentration: ng/ul','',0,0,'',0,'','','',1,1,58,2,1,'0000-00-00 00:00:00'),(835,'cGLO','','','0.000','0.000','10.00000','0000-00-00','0.000','','','Concentration: ng/ul','',0,0,'',0,'','','',1,1,58,2,1,'0000-00-00 00:00:00'),(836,'7-1 GLO','','','0.000','0.000','2.50000','0000-00-00','0.000','','','Concentration: ng/ul','',0,0,'',0,'','','',1,1,58,2,1,'0000-00-00 00:00:00'),(837,'1-2 GLO','','','0.000','0.000','2.50000','0000-00-00','0.000','','','Concentration: ng/ul','',0,0,'',0,'','','',1,1,58,2,1,'0000-00-00 00:00:00'),(838,'11 GLO','','','0.000','0.000','2.50000','0000-00-00','0.000','','','Concentration: ng/ul','',0,0,'',0,'','','',1,1,58,2,1,'0000-00-00 00:00:00'),(839,'cGLO','','','0.000','0.000','2.50000','0000-00-00','0.000','','','Concentration: ng/ul','',0,0,'',0,'','','',1,1,58,2,1,'0000-00-00 00:00:00'),(840,'t7-1','','','0.000','0.000','2.50000','0000-00-00','0.000','','','Concentration: ng/ul','',0,0,'',0,'','','',1,1,58,2,1,'0000-00-00 00:00:00'),(841,'t7-2','','','0.000','0.000','2.50000','0000-00-00','0.000','','','Concentration: ng/ul','',0,0,'',0,'','','',1,1,58,2,1,'0000-00-00 00:00:00'),(842,'t11','','','0.000','0.000','2.50000','0000-00-00','0.000','','','Concentration: ng/ul','',0,0,'',0,'','','',1,1,58,2,1,'0000-00-00 00:00:00'),(843,'cGFP','','','0.000','0.000','2.50000','0000-00-00','0.000','','','Concentration: ng/ul','',0,0,'',0,'','','',1,1,58,2,1,'0000-00-00 00:00:00'),(844,'t7-2','','','0.000','0.000','85.20000','0000-00-00','0.000','','','Concentration: ng/ul','',0,0,'',0,'','','',1,1,58,2,1,'0000-00-00 00:00:00'),(845,'t11','','','0.000','0.000','96.60000','0000-00-00','0.000','','','Concentration: ng/ul','',0,0,'',0,'','','',1,1,58,2,1,'0000-00-00 00:00:00'),(846,'cGFP','','','0.000','0.000','76.60000','0000-00-00','0.000','','','Concentration: ng/ul','',0,0,'',0,'','','',1,1,58,2,1,'0000-00-00 00:00:00'),(847,'LOO9','','','0.000','0.000','0.00000','0000-00-00','0.000','','','','',0,0,'',0,'','','',NULL,NULL,NULL,NULL,NULL,'0000-00-00 00:00:00'),(848,'LOO9','','','0.000','0.000','0.00000','0000-00-00','0.000','','','','',0,0,'',0,'','','',NULL,NULL,NULL,NULL,NULL,'0000-00-00 00:00:00'),(849,'LOO9','','','0.000','0.000','0.00000','0000-00-00','0.000','','','','',0,0,'',0,'','','',NULL,NULL,NULL,NULL,NULL,'0000-00-00 00:00:00'),(850,'LOO9','','','0.000','0.000','0.00000','0000-00-00','0.000','','','','',0,0,'',0,'','','',2,NULL,NULL,NULL,NULL,'0000-00-00 00:00:00'),(851,'t9','','','0.000','0.000','0.00000','0000-00-00','0.000','','','','',0,0,'',0,'','','',2,NULL,NULL,NULL,NULL,'0000-00-00 00:00:00'),(853,'S10T','','','0.000','0.000','2.50000','0000-00-00','0.000','','','Concentration: ng/ul','',0,0,'',0,'','','',1,1,58,2,1,'0000-00-00 00:00:00'),(854,'S10T','','','0.000','0.000','2.50000','0000-00-00','0.000','','','Concentration: ng/ul','',0,0,'',0,'','','',1,1,58,2,1,'0000-00-00 00:00:00'),(855,'S7','','','0.000','0.000','214.20000','2007-04-25','0.000','','','Concentration: ng/ul','',0,0,'',0,'','','',1,1,58,2,1,'0000-00-00 00:00:00'),(857,'S7','','','0.000','0.000','10.00000','0000-00-00','0.000','','','Concentration: ng/ul','',0,0,'',0,'','','',1,1,58,2,1,'0000-00-00 00:00:00'),(858,'S7 GLO','','','0.000','0.000','10.00000','0000-00-00','0.000','','','Concentration: ng/ul','',0,0,'',0,'','','',1,1,58,2,1,'0000-00-00 00:00:00'),(859,'S11 GLO','','','0.000','0.000','10.00000','0000-00-00','0.000','','','Concentration: ng/ul','',0,0,'',0,'','','',1,1,58,2,1,'0000-00-00 00:00:00'),(860,'S7 GLO','','','0.000','0.000','2.50000','0000-00-00','0.000','','','Concentration: ng/ul','',0,0,'',0,'','','',1,1,58,2,1,'0000-00-00 00:00:00'),(861,'S11 GLO','','','0.000','0.000','2.50000','0000-00-00','0.000','','','Concentration: ng/ul','',0,0,'',0,'','','',1,1,58,2,1,'0000-00-00 00:00:00'),(862,'t7-3','','','0.000','0.000','76.50000','0000-00-00','0.000','','','Concentration: ng/ul','',0,0,'',0,'','','',1,1,58,2,1,'0000-00-00 00:00:00'),(863,'S7 new','','','0.000','0.000','140.50000','0000-00-00','0.000','','','Concentration: ng/ul','',0,0,'',0,'','','',1,1,58,2,1,'0000-00-00 00:00:00'),(864,'S7 new','','','0.000','0.000','2.50000','0000-00-00','0.000','','','Concentration: ng/ul','',0,0,'',0,'','','',1,1,58,2,1,'0000-00-00 00:00:00'),(865,'t10SP','','','0.000','0.000','136.00000','0000-00-00','0.000','','','Concentration: ng/ul','',0,0,'',0,'','','',1,1,58,2,1,'0000-00-00 00:00:00'),(866,'t10SP','','','0.000','0.000','133.00000','0000-00-00','0.000','','','Concentration: ng/ul','',0,0,'',0,'','','',1,1,58,2,1,'0000-00-00 00:00:00'),(867,'t10SP','','','0.000','0.000','2.50000','0000-00-00','0.000','','','Concentration: ng/ul','',0,0,'',0,'','','',1,1,58,2,1,'0000-00-00 00:00:00'),(868,'S10H','','','0.000','0.000','179.10000','0000-00-00','0.000','','','Concentration: ng/ul','',0,0,'',0,'','','',1,1,58,2,1,'0000-00-00 00:00:00'),(869,'S10T','','','0.000','0.000','140.70000','0000-00-00','0.000','','','Concentration: ng/ul','',0,0,'',0,'','','',1,1,58,2,1,'0000-00-00 00:00:00'),(870,'CSP','','','0.000','0.000','2.50000','0000-00-00','0.000','','','Concentration: ng/ul','',0,0,'',0,'','','',1,1,58,2,1,'0000-00-00 00:00:00'),(871,'11SP','','','0.000','0.000','2.50000','0000-00-00','0.000','','','Concentration: ng/ul','',0,0,'',0,'','','',1,1,58,2,1,'0000-00-00 00:00:00'),(872,'7-2SP','','','0.000','0.000','2.50000','0000-00-00','0.000','','','Concentration: ng/ul','',0,0,'',0,'','','',1,1,58,2,1,'0000-00-00 00:00:00'),(873,'7-1 SP','','','0.000','0.000','2.50000','0000-00-00','0.000','','','Concentration: ng/ul','',0,0,'',0,'','','',1,1,58,2,1,'0000-00-00 00:00:00'),(874,'CSP','','','0.000','0.000','73.00000','0000-00-00','0.000','','','Concentration: ng/ul','',0,0,'',0,'','','',1,1,58,2,1,'0000-00-00 00:00:00'),(875,'CSP','','','0.000','0.000','67.00000','0000-00-00','0.000','','','Concentration: ng/ul','',0,0,'',0,'','','',1,1,58,2,1,'0000-00-00 00:00:00'),(876,'11 SP','','','0.000','0.000','79.00000','0000-00-00','0.000','','','Concentration: ng/ul','',0,0,'',0,'','','',1,1,58,2,1,'0000-00-00 00:00:00'),(877,'11 SP','','','0.000','0.000','78.00000','0000-00-00','0.000','','','Concentration: ng/ul','',0,0,'',0,'','','',1,1,58,2,1,'0000-00-00 00:00:00'),(878,'PSKGFP Na2','','','0.000','0.000','5.00000','0000-00-00','0.000','','','Concentration: ng/ul','',0,0,'',0,'','','',1,1,58,2,1,'0000-00-00 00:00:00'),(879,'OPT','','','0.000','0.000','113.60000','0000-00-00','0.000','','','Concentration: ng/ul','',0,0,'',0,'','','',1,1,58,2,1,'0000-00-00 00:00:00'),(880,'OPT','','','0.000','0.000','159.40000','0000-00-00','0.000','','','Concentration: ng/ul','',0,0,'',0,'','','',1,1,58,2,1,'0000-00-00 00:00:00'),(881,'OPT','','','0.000','0.000','5.00000','0000-00-00','0.000','','','Concentration: ng/ul','',0,0,'',0,'','','',1,1,58,2,1,'0000-00-00 00:00:00'),(882,'7-1 SP','','','0.000','0.000','74.00000','0000-00-00','0.000','','','Concentration: ng/ul','',0,0,'',0,'','','',1,1,58,2,1,'0000-00-00 00:00:00'),(883,'7-1 SP','','','0.000','0.000','72.00000','0000-00-00','0.000','','','Concentration: ng/ul','',0,0,'',0,'','','',1,1,58,2,1,'0000-00-00 00:00:00'),(884,'7-2 SP','','','0.000','0.000','2.50000','0000-00-00','0.000','','','Concentration: ng/ul','',0,0,'',0,'','','',1,1,58,2,1,'0000-00-00 00:00:00'),(885,'7-2 SP','','','0.000','0.000','63.00000','0000-00-00','0.000','','','Concentration: ng/ul','',0,0,'',0,'','','',1,1,58,2,1,'0000-00-00 00:00:00'),(886,'7-2 SP','','','0.000','0.000','58.00000','0000-00-00','0.000','','','Concentration: ng/ul','',0,0,'',0,'','','',1,1,58,2,1,'0000-00-00 00:00:00'),(887,'S11 GLO','','','0.000','0.000','406.40000','0000-00-00','0.000','','','Concentration: ng/ul','',0,0,'',0,'','','',1,1,58,2,1,'0000-00-00 00:00:00'),(888,'S7 GLO','','','0.000','0.000','131.20000','0000-00-00','0.000','','','Concentration: ng/ul','',0,0,'',0,'','','',1,1,58,2,1,'0000-00-00 00:00:00'),(889,'cGLO','','','0.000','0.000','210.00000','0000-00-00','0.000','','','Concentration: ng/ul','',0,0,'',0,'','','',1,1,58,2,1,'0000-00-00 00:00:00'),(890,'11 GLO','','','0.000','0.000','175.50000','0000-00-00','0.000','','','Concentration: ng/ul','',0,0,'',0,'','','',1,1,58,2,1,'0000-00-00 00:00:00'),(891,'7-2 GLO','','','0.000','0.000','198.20000','0000-00-00','0.000','','','Concentration: ng/ul','',0,0,'',0,'','','',1,1,58,2,1,'0000-00-00 00:00:00'),(892,'7-1 GLO','','','0.000','0.000','168.40000','0000-00-00','0.000','','','Concentration: ng/ul','',0,0,'',0,'','','',1,1,58,2,1,'0000-00-00 00:00:00'),(893,'t7-1','','','0.000','0.000','47.20000','0000-00-00','0.000','','','Concentration: ng/ul','',0,0,'',0,'','','',1,1,58,2,1,'0000-00-00 00:00:00'),(894,'N bspH1 His GLO','','','0.000','0.000','10.00000','0000-00-00','0.000','','','Concentration uM\r\nGLO vector with His tag on N-terminal BspH1 restriction site','',0,0,'',0,'','','',1,1,73,NULL,1,'0000-00-00 00:00:00'),(895,'N BspH1 t11 GLO','','','0.000','0.000','10.00000','0000-00-00','0.000','','','Concentration uM\r\n','',0,0,'',0,'','','',1,1,73,NULL,1,'0000-00-00 00:00:00'),(896,'N BspH1 t7 GLO','','','0.000','0.000','10.00000','0000-00-00','0.000','','','Concentration uM\r\n','',0,0,'',0,'','','',1,1,73,NULL,1,'0000-00-00 00:00:00'),(897,'N SPOPT','','','0.000','0.000','10.00000','0000-00-00','0.000','','','Concentration uM\r\n','',0,0,'',0,'','','',1,1,73,NULL,1,'0000-00-00 00:00:00'),(898,'F Bg1','','','0.000','0.000','10.00000','0000-00-00','0.000','','','Concentration uM\r\n','',0,0,'',0,'','','',1,1,73,NULL,1,'0000-00-00 00:00:00'),(899,'N kpn GFP','','','0.000','0.000','10.00000','0000-00-00','0.000','','','Concentration uM\r\n','',0,0,'',0,'','','',1,1,73,NULL,1,'0000-00-00 00:00:00'),(900,'N BspH1','','','0.000','0.000','10.00000','0000-00-00','0.000','','','Concentration uM\r\n','',0,0,'',0,'','','',1,1,73,NULL,1,'0000-00-00 00:00:00'),(901,'F S PB','','','0.000','0.000','10.00000','0000-00-00','0.000','','','Concentration uM\r\n','',0,0,'',0,'','','',1,1,73,NULL,1,'0000-00-00 00:00:00'),(902,'N Bsp SP\'','','','0.000','0.000','10.00000','0000-00-00','0.000','','','Concentration uM\r\n','',0,0,'',0,'','','',1,1,73,NULL,1,'0000-00-00 00:00:00'),(903,'C Eco 11 EC','','','0.000','0.000','10.00000','0000-00-00','0.000','','','Concentration uM\r\n','',0,0,'',0,'','','',1,1,73,NULL,1,'0000-00-00 00:00:00'),(904,'C SPOPT','','','0.000','0.000','10.00000','0000-00-00','0.000','','','Concentration uM\r\n','',0,0,'',0,'','','',1,1,73,NULL,1,'0000-00-00 00:00:00'),(905,'R Age','','','0.000','0.000','10.00000','0000-00-00','0.000','','','Concentration uM\r\n','',0,0,'',0,'','','',1,1,73,NULL,1,'0000-00-00 00:00:00'),(906,'C kpn GFP','','','0.000','0.000','10.00000','0000-00-00','0.000','','','Concentration uM\r\n','',0,0,'',0,'','','',1,1,73,NULL,1,'0000-00-00 00:00:00'),(907,'C Pst1','','','0.000','0.000','10.00000','0000-00-00','0.000','','','Concentration uM\r\n','',0,0,'',0,'','','',1,1,73,NULL,1,'0000-00-00 00:00:00'),(908,'N Spe GLO','','','0.000','0.000','10.00000','0000-00-00','0.000','','','Concentration uM\r\n','',0,0,'',0,'','','',1,1,73,NULL,1,'0000-00-00 00:00:00'),(909,'R S PB','','','0.000','0.000','10.00000','0000-00-00','0.000','','','Concentration uM\r\n','',0,0,'',0,'','','',1,1,73,NULL,1,'0000-00-00 00:00:00'),(910,'C Eco SP\'','','','0.000','0.000','10.00000','0000-00-00','0.000','','','Concentration uM\r\n','',0,0,'',0,'','','',1,1,73,NULL,1,'0000-00-00 00:00:00'),(911,'F S NdeI','','','0.000','0.000','10.00000','0000-00-00','0.000','','','Concentration uM\r\n','',0,0,'',0,'','','',1,1,73,NULL,1,'0000-00-00 00:00:00'),(912,'random12','','','0.000','0.000','183.40000','0000-00-00','0.000','','','Concentration ng/ul\r\n','',0,0,'',0,'','','',1,1,73,NULL,1,'0000-00-00 00:00:00'),(913,'N BspH1 His HA','','','0.000','0.000','10.00000','0000-00-00','0.000','','','Concentration uM\r\n','',0,0,'',0,'','','',1,1,73,NULL,1,'0000-00-00 00:00:00'),(914,'N Nhe GFP','','','0.000','0.000','10.00000','0000-00-00','0.000','','','Concentration uM\r\n','',0,0,'',0,'','','',1,1,73,NULL,1,'0000-00-00 00:00:00'),(915,'N kpn GLO','','','0.000','0.000','10.00000','0000-00-00','0.000','','','Concentration uM\r\n','',0,0,'',0,'','','',1,1,73,NULL,1,'0000-00-00 00:00:00'),(916,'C Eco GLO','','','0.000','0.000','10.00000','0000-00-00','0.000','','','Concentration uM\r\n','',0,0,'',0,'','','',1,1,73,NULL,1,'0000-00-00 00:00:00'),(917,'F S EC','','','0.000','0.000','10.00000','0000-00-00','0.000','','','Concentration uM\r\n','',0,0,'',0,'','','',1,1,73,NULL,1,'0000-00-00 00:00:00'),(918,'C Eco SP EC\'','','','0.000','0.000','10.00000','0000-00-00','0.000','','','Concentration uM\r\n','',0,0,'',0,'','','',1,1,73,NULL,1,'0000-00-00 00:00:00'),(919,'R S Eco RV','','','0.000','0.000','10.00000','0000-00-00','0.000','','','Concentration uM\r\n','',0,0,'',0,'','','',1,1,73,NULL,1,'0000-00-00 00:00:00'),(920,'aa12F','','','0.000','0.000','10.00000','0000-00-00','0.000','','','Concentration uM\r\n','',0,0,'',0,'','','',1,1,73,NULL,1,'0000-00-00 00:00:00'),(921,'R S Eco RV\'','','','0.000','0.000','10.00000','0000-00-00','0.000','','','Concentration uM\r\n','',0,0,'',0,'','','',1,1,73,NULL,1,'0000-00-00 00:00:00'),(922,'F S10','','','0.000','0.000','10.00000','0000-00-00','0.000','','','Concentration uM\r\n','',0,0,'',0,'','','',1,1,73,NULL,1,'0000-00-00 00:00:00'),(923,'C Hmd GFP','','','0.000','0.000','10.00000','0000-00-00','0.000','','','Concentration uM\r\n','',0,0,'',0,'','','',1,1,73,NULL,1,'0000-00-00 00:00:00'),(924,'C kpn GLO','','','0.000','0.000','10.00000','0000-00-00','0.000','','','Concentration uM\r\n','',0,0,'',0,'','','',1,1,73,NULL,1,'0000-00-00 00:00:00'),(925,'C Eco 11 GLO','','','0.000','0.000','10.00000','0000-00-00','0.000','','','Concentration uM\r\n','',0,0,'',0,'','','',1,1,73,NULL,1,'0000-00-00 00:00:00'),(926,'R S EC','','','0.000','0.000','10.00000','0000-00-00','0.000','','','Concentration uM\r\n','',0,0,'',0,'','','',1,1,73,NULL,1,'0000-00-00 00:00:00'),(927,'aa12R','','','0.000','0.000','10.00000','0000-00-00','0.000','','','Concentration uM\r\n','',0,0,'',0,'','','',1,1,73,NULL,1,'0000-00-00 00:00:00'),(928,'R S10H','','','0.000','0.000','10.00000','0000-00-00','0.000','','','Concentration uM\r\n','',0,0,'',0,'','','',1,1,73,NULL,1,'0000-00-00 00:00:00'),(929,'N Pu 7 GFP','','','0.000','0.000','10.00000','0000-00-00','0.000','','','Concentration uM\r\n','',0,0,'',0,'','','',1,1,73,NULL,1,'0000-00-00 00:00:00'),(930,'N Nhe GLO','','','0.000','0.000','10.00000','0000-00-00','0.000','','','Concentration uM\r\n','',0,0,'',0,'','','',1,1,73,NULL,1,'0000-00-00 00:00:00'),(931,'F S HA1','','','0.000','0.000','10.00000','0000-00-00','0.000','','','Concentration uM\r\n','',0,0,'',0,'','','',1,1,73,NULL,1,'0000-00-00 00:00:00'),(932,'R13-EC','','','0.000','0.000','10.00000','0000-00-00','0.000','','','Concentration uM\r\n','',0,0,'',0,'','','',1,1,73,NULL,1,'0000-00-00 00:00:00'),(933,'F Age','','','0.000','0.000','10.00000','0000-00-00','0.000','','','Concentration uM\r\n','',0,0,'',0,'','','',1,1,73,NULL,1,'0000-00-00 00:00:00'),(934,'R S10T','','','0.000','0.000','10.00000','0000-00-00','0.000','','','Concentration uM\r\n','',0,0,'',0,'','','',1,1,73,NULL,1,'0000-00-00 00:00:00'),(935,'N Pu 11 GFP','','','0.000','0.000','10.00000','0000-00-00','0.000','','','Concentration uM\r\n','',0,0,'',0,'','','',1,1,73,NULL,1,'0000-00-00 00:00:00'),(936,'C Hmd GLO','','','0.000','0.000','10.00000','0000-00-00','0.000','','','Concentration uM\r\n','',0,0,'',0,'','','',1,1,73,NULL,1,'0000-00-00 00:00:00'),(937,'R S HA1','','','0.000','0.000','10.00000','0000-00-00','0.000','','','Concentration uM\r\n','',0,0,'',0,'','','',1,1,73,NULL,1,'0000-00-00 00:00:00'),(938,'C Eco 11 SP 10','','','0.000','0.000','10.00000','0000-00-00','0.000','','','Concentration uM\r\n','',0,0,'',0,'','','',1,1,73,NULL,1,'0000-00-00 00:00:00'),(939,'F Age','','','0.000','0.000','10.00000','0000-00-00','0.000','','','Concentration uM\r\n','',0,0,'',0,'','','',1,1,73,NULL,1,'0000-00-00 00:00:00'),(940,'N BspH1 t10','','','0.000','0.000','10.00000','0000-00-00','0.000','','','Concentration uM\r\n','',0,0,'',0,'','','',1,1,73,NULL,1,'0000-00-00 00:00:00'),(941,'C Hind 11 GFP','','','0.000','0.000','10.00000','0000-00-00','0.000','','','Concentration uM\r\n','',0,0,'',0,'','','',1,1,73,NULL,1,'0000-00-00 00:00:00'),(942,'F S HA2','','','0.000','0.000','10.00000','0000-00-00','0.000','','','Concentration uM\r\n','',0,0,'',0,'','','',1,1,73,NULL,1,'0000-00-00 00:00:00'),(943,'N Bsp 11 EC','','','0.000','0.000','0.00000','0000-00-00','0.000','','','Concentration uM\r\n','',0,0,'',0,'','','',1,1,73,NULL,1,'0000-00-00 00:00:00'),(944,'R Nhe','','','0.000','0.000','10.00000','0000-00-00','0.000','','','Concentration uM\r\n','',0,0,'',0,'','','',1,1,73,NULL,1,'0000-00-00 00:00:00'),(945,'C EcoRI t10','','','0.000','0.000','10.00000','0000-00-00','0.000','','','Concentration uM\r\n','',0,0,'',0,'','','',1,1,73,NULL,1,'0000-00-00 00:00:00'),(946,'N Pu His GFP','','','0.000','0.000','10.00000','0000-00-00','0.000','','','Concentration uM\r\n','',0,0,'',0,'','','',1,1,73,NULL,1,'0000-00-00 00:00:00'),(947,'C Hind 11 GLO','','','0.000','0.000','10.00000','0000-00-00','0.000','','','Concentration uM\r\n','',0,0,'',0,'','','',1,1,73,NULL,1,'0000-00-00 00:00:00'),(948,'R S HA2','','','0.000','0.000','10.00000','0000-00-00','0.000','','','Concentration uM\r\n','',0,0,'',0,'','','',1,1,73,NULL,1,'0000-00-00 00:00:00'),(949,'C Eco SP EC10','','','0.000','0.000','10.00000','0000-00-00','0.000','','','Concentration uM\r\n','',0,0,'',0,'','','',1,1,73,NULL,1,'0000-00-00 00:00:00'),(950,'loo9','','','0.000','0.000','0.00000','0000-00-00','0.000','','','','',0,0,'',0,'','','',NULL,NULL,NULL,NULL,NULL,'0000-00-00 00:00:00'),(951,'t9','','','0.000','0.000','0.00000','0000-00-00','0.000','','','','',0,0,'',0,'','','',NULL,NULL,NULL,NULL,NULL,'0000-00-00 00:00:00'),(952,'LOO7','','','0.000','0.000','0.00000','0000-00-00','0.000','','','','',0,0,'',0,'','','',NULL,NULL,NULL,NULL,NULL,'0000-00-00 00:00:00'),(953,'comp','','','0.000','0.000','0.00000','0000-00-00','0.000','','','','',0,0,'',0,'','','',NULL,NULL,NULL,NULL,NULL,'0000-00-00 00:00:00'),(954,'comp','','','0.000','0.000','0.00000','0000-00-00','0.000','','','','',0,0,'',0,'','','',NULL,NULL,NULL,NULL,NULL,'0000-00-00 00:00:00'),(955,'LOO9-S9 Stock','','','0.000','0.000','0.00000','2013-03-08','0.000','','','','',0,0,'',0,'','','',2,2,5,NULL,NULL,'0000-00-00 00:00:00'),(956,'loo9','','','0.000','0.000','0.00000','0000-00-00','0.000','','','','',0,0,'',0,'','','',NULL,NULL,NULL,NULL,NULL,'0000-00-00 00:00:00'),(957,'N linker rGFP4','','','0.000','0.000','0.00000','0000-00-00','0.000','','','Primer for LOO','',0,0,'',0,'','','',1,1,76,NULL,1,'0000-00-00 00:00:00'),(958,'C linker rGFP4','','','0.000','0.000','0.00000','0000-00-00','0.000','','','Primer for LOO','',0,0,'',0,'','','',1,1,76,NULL,1,'0000-00-00 00:00:00'),(959,'C EcoRI rGFP4','','','0.000','0.000','0.00000','0000-00-00','0.000','','','Primer for LOO','',0,0,'',0,'','','',1,1,76,NULL,1,'0000-00-00 00:00:00'),(960,'N BspHI t1SP','','','0.000','0.000','0.00000','0000-00-00','0.000','','','Primer for LOO','',0,0,'',0,'','','',1,1,76,NULL,1,'0000-00-00 00:00:00'),(961,'N BspHI t2SP','','','0.000','0.000','0.00000','0000-00-00','0.000','','','Primer for LOO','',0,0,'',0,'','','',1,1,76,NULL,1,'0000-00-00 00:00:00'),(962,'N BspHI t3SP','','','0.000','0.000','0.00000','0000-00-00','0.000','','','Primer for LOO','',0,0,'',0,'','','',1,1,76,NULL,1,'0000-00-00 00:00:00'),(963,'N BspHI t4SP','','','0.000','0.000','0.00000','0000-00-00','0.000','','','Primer for LOO','',0,0,'',0,'','','',1,1,76,NULL,1,'0000-00-00 00:00:00'),(964,'N BspHI t5SP','','','0.000','0.000','0.00000','0000-00-00','0.000','','','Primer for LOO','',0,0,'',0,'','','',1,1,76,NULL,1,'0000-00-00 00:00:00'),(965,'N BspHI t6SP','','','0.000','0.000','0.00000','0000-00-00','0.000','','','Primer for LOO','',0,0,'',0,'','','',1,1,76,NULL,1,'0000-00-00 00:00:00'),(966,'N BspHI t7SP','','','0.000','0.000','0.00000','0000-00-00','0.000','','','Primer for LOO','',0,0,'',0,'','','',1,1,76,NULL,1,'0000-00-00 00:00:00'),(967,'N BspHI t8SP','','','0.000','0.000','0.00000','0000-00-00','0.000','','','Primer for LOO','',0,0,'',0,'','','',1,1,76,NULL,1,'0000-00-00 00:00:00'),(968,'N BspHI t9SP','','','0.000','0.000','0.00000','0000-00-00','0.000','','','Primer for LOO','',0,0,'',0,'','','',1,1,76,NULL,1,'0000-00-00 00:00:00'),(969,'N BspHI t10SP','','','0.000','0.000','0.00000','0000-00-00','0.000','','','Primer for LOO','',0,0,'',0,'','','',1,1,76,NULL,1,'0000-00-00 00:00:00'),(970,'N BspHI t11SP','','','0.000','0.000','0.00000','0000-00-00','0.000','','','Primer for LOO','',0,0,'',0,'','','',1,1,76,NULL,1,'0000-00-00 00:00:00'),(971,'N BspHI tASP','','','0.000','0.000','0.00000','0000-00-00','0.000','','','Primer for LOO','',0,0,'',0,'','','',1,1,76,NULL,1,'0000-00-00 00:00:00'),(972,'C EcoRI t1SP','','','0.000','0.000','0.00000','0000-00-00','0.000','','','Primer for LOO','',0,0,'',0,'','','',1,1,76,NULL,1,'0000-00-00 00:00:00'),(973,'C EcoRI t2SP','','','0.000','0.000','0.00000','0000-00-00','0.000','','','Primer for LOO','',0,0,'',0,'','','',1,1,76,NULL,1,'0000-00-00 00:00:00'),(974,'C EcoRI t3SP','','','0.000','0.000','0.00000','0000-00-00','0.000','','','Primer for LOO','',0,0,'',0,'','','',1,1,76,NULL,1,'0000-00-00 00:00:00'),(975,'C EcoRI t4SP','','','0.000','0.000','0.00000','0000-00-00','0.000','','','Primer for LOO','',0,0,'',0,'','','',1,1,76,NULL,1,'0000-00-00 00:00:00'),(976,'C EcoRI t5SP','','','0.000','0.000','0.00000','0000-00-00','0.000','','','Primer for LOO','',0,0,'',0,'','','',1,1,76,NULL,1,'0000-00-00 00:00:00'),(977,'C EcoRI t6SP','','','0.000','0.000','0.00000','0000-00-00','0.000','','','Primer for LOO','',0,0,'',0,'','','',1,1,76,NULL,1,'0000-00-00 00:00:00'),(978,'C EcoRI t7SP','','','0.000','0.000','0.00000','0000-00-00','0.000','','','Primer for LOO','',0,0,'',0,'','','',1,1,76,NULL,1,'0000-00-00 00:00:00'),(979,'C EcoRI t8SP','','','0.000','0.000','0.00000','0000-00-00','0.000','','','Primer for LOO','',0,0,'',0,'','','',1,1,76,NULL,1,'0000-00-00 00:00:00'),(980,'C EcoRI t9SP','','','0.000','0.000','0.00000','0000-00-00','0.000','','','Primer for LOO','',0,0,'',0,'','','',1,1,76,NULL,1,'0000-00-00 00:00:00'),(981,'C EcoRI t10SP','','','0.000','0.000','0.00000','0000-00-00','0.000','','','Primer for LOO','',0,0,'',0,'','','',1,1,76,NULL,1,'0000-00-00 00:00:00'),(982,'C EcoRI t11SP','','','0.000','0.000','0.00000','0000-00-00','0.000','','','Primer for LOO','',0,0,'',0,'','','',1,1,76,NULL,1,'0000-00-00 00:00:00'),(983,'C EcoRI tASP','','','0.000','0.000','0.00000','0000-00-00','0.000','','','Primer for LOO','',0,0,'',0,'','','',1,1,76,NULL,1,'0000-00-00 00:00:00'),(984,'N BspHI t1RSP4','','','0.000','0.000','0.00000','0000-00-00','0.000','','','Primer for LOO','',0,0,'',0,'','','',1,1,76,NULL,1,'0000-00-00 00:00:00'),(985,'N BspHI t2RSP4','','','0.000','0.000','0.00000','0000-00-00','0.000','','','Primer for LOO','',0,0,'',0,'','','',1,1,76,NULL,1,'0000-00-00 00:00:00'),(986,'N BspHI t3RSP4','','','0.000','0.000','0.00000','0000-00-00','0.000','','','Primer for LOO','',0,0,'',0,'','','',1,1,76,NULL,1,'0000-00-00 00:00:00'),(987,'N BspHI t4RSP4','','','0.000','0.000','0.00000','0000-00-00','0.000','','','Primer for LOO','',0,0,'',0,'','','',1,1,76,NULL,1,'0000-00-00 00:00:00'),(988,'N BspHI t5RSP4','','','0.000','0.000','0.00000','0000-00-00','0.000','','','Primer for LOO','',0,0,'',0,'','','',1,1,76,NULL,1,'0000-00-00 00:00:00'),(989,'N BspHI t6RSP4','','','0.000','0.000','0.00000','0000-00-00','0.000','','','Primer for LOO','',0,0,'',0,'','','',1,1,76,NULL,1,'0000-00-00 00:00:00'),(990,'N BspHI t7RSP4','','','0.000','0.000','0.00000','0000-00-00','0.000','','','Primer for LOO','',0,0,'',0,'','','',1,1,76,NULL,1,'0000-00-00 00:00:00'),(991,'N BspHI t8RSP4','','','0.000','0.000','0.00000','0000-00-00','0.000','','','Primer for LOO','',0,0,'',0,'','','',1,1,76,NULL,1,'0000-00-00 00:00:00'),(992,'N BspHI t9RSP4','','','0.000','0.000','0.00000','0000-00-00','0.000','','','Primer for LOO','',0,0,'',0,'','','',1,1,76,NULL,1,'0000-00-00 00:00:00'),(993,'N BspHI t10RSP4','','','0.000','0.000','0.00000','0000-00-00','0.000','','','Primer for LOO','',0,0,'',0,'','','',1,1,76,NULL,1,'0000-00-00 00:00:00'),(994,'N BspHI t11RSP4','','','0.000','0.000','0.00000','0000-00-00','0.000','','','Primer for LOO','',0,0,'',0,'','','',1,1,76,NULL,1,'0000-00-00 00:00:00'),(995,'N BspHI tARSP4','','','0.000','0.000','0.00000','0000-00-00','0.000','','','Primer for LOO','',0,0,'',0,'','','',1,1,76,NULL,1,'0000-00-00 00:00:00'),(996,'C EcoRI t1RSP4','','','0.000','0.000','0.00000','0000-00-00','0.000','','','Primer for LOO','',0,0,'',0,'','','',1,1,76,NULL,1,'0000-00-00 00:00:00'),(997,'C EcoRI t2RSP4','','','0.000','0.000','0.00000','0000-00-00','0.000','','','Primer for LOO','',0,0,'',0,'','','',1,1,76,NULL,1,'0000-00-00 00:00:00'),(998,'C EcoRI t3RSP4','','','0.000','0.000','0.00000','0000-00-00','0.000','','','Primer for LOO','',0,0,'',0,'','','',1,1,76,NULL,1,'0000-00-00 00:00:00'),(999,'C EcoRI t4RSP4','','','0.000','0.000','0.00000','0000-00-00','0.000','','','Primer for LOO','',0,0,'',0,'','','',1,1,76,NULL,1,'0000-00-00 00:00:00'),(1000,'C EcoRI t5RSP4','','','0.000','0.000','0.00000','0000-00-00','0.000','','','Primer for LOO','',0,0,'',0,'','','',1,1,76,NULL,1,'0000-00-00 00:00:00'),(1001,'C EcoRI t6RSP4','','','0.000','0.000','0.00000','0000-00-00','0.000','','','Primer for LOO','',0,0,'',0,'','','',1,1,76,NULL,1,'0000-00-00 00:00:00'),(1002,'C EcoRI t7RSP4','','','0.000','0.000','0.00000','0000-00-00','0.000','','','Primer for LOO','',0,0,'',0,'','','',1,1,76,NULL,1,'0000-00-00 00:00:00'),(1003,'C EcoRI t8RSP4','','','0.000','0.000','0.00000','0000-00-00','0.000','','','Primer for LOO','',0,0,'',0,'','','',1,1,76,NULL,1,'0000-00-00 00:00:00'),(1004,'C EcoRI t9RSP4','','','0.000','0.000','0.00000','0000-00-00','0.000','','','Primer for LOO','',0,0,'',0,'','','',1,1,76,NULL,1,'0000-00-00 00:00:00'),(1005,'C EcoRI t10RSP4','','','0.000','0.000','0.00000','0000-00-00','0.000','','','Primer for LOO','',0,0,'',0,'','','',1,1,76,NULL,1,'0000-00-00 00:00:00'),(1006,'C EcoRI t11RSP4','','','0.000','0.000','0.00000','0000-00-00','0.000','','','Primer for LOO','',0,0,'',0,'','','',1,1,76,NULL,1,'0000-00-00 00:00:00'),(1007,'C EcoRI tARSP4','','','0.000','0.000','0.00000','0000-00-00','0.000','','','Primer for LOO','',0,0,'',0,'','','',1,1,76,NULL,1,'0000-00-00 00:00:00'),(1008,'rGFP4 DNA Mix','','','0.000','0.000','0.00000','0000-00-00','0.000','','','','',0,0,'',0,'','','',1,1,60,NULL,1,'0000-00-00 00:00:00'),(1009,'r GFP4 oligo mix','','','0.000','0.000','0.00000','0000-00-00','0.000','','','','',0,0,'',0,'','','',1,1,60,NULL,1,'0000-00-00 00:00:00'),(1010,'rGFP4 ASS','','','0.000','0.000','0.00000','0000-00-00','0.000','','','','',0,0,'',0,'','','',1,1,60,NULL,NULL,'0000-00-00 00:00:00'),(1011,'rGFP1_2 DNA Mix','','','0.000','0.000','0.00000','0000-00-00','0.000','','','','',0,0,'',0,'','','',1,1,60,NULL,1,'0000-00-00 00:00:00'),(1012,'rGFP4 F01','','','0.000','0.000','0.00000','0000-00-00','0.000','','','','',0,0,'',0,'','','',1,1,60,NULL,1,'0000-00-00 00:00:00'),(1013,'rGFP4 F02','','','0.000','0.000','0.00000','0000-00-00','0.000','','','','',0,0,'',0,'','','',1,1,60,NULL,1,'0000-00-00 00:00:00'),(1014,'rGFP4 F03','','','0.000','0.000','0.00000','0000-00-00','0.000','','','','',0,0,'',0,'','','',1,1,60,NULL,1,'0000-00-00 00:00:00'),(1015,'rGFP4 F04','','','0.000','0.000','0.00000','0000-00-00','0.000','','','','',0,0,'',0,'','','',1,1,60,NULL,1,'0000-00-00 00:00:00'),(1016,'rGFP4 F05','','','0.000','0.000','0.00000','0000-00-00','0.000','','','','',0,0,'',0,'','','',1,1,60,NULL,1,'0000-00-00 00:00:00'),(1017,'rGFP4 F06','','','0.000','0.000','0.00000','0000-00-00','0.000','','','','',0,0,'',0,'','','',1,1,60,NULL,1,'0000-00-00 00:00:00'),(1018,'rGFP4 F07','','','0.000','0.000','0.00000','0000-00-00','0.000','','','','',0,0,'',0,'','','',1,1,60,NULL,1,'0000-00-00 00:00:00'),(1019,'rGFP4 F08','','','0.000','0.000','0.00000','0000-00-00','0.000','','','','',0,0,'',0,'','','',1,1,60,NULL,1,'0000-00-00 00:00:00'),(1020,'rGFP4 F09','','','0.000','0.000','0.00000','0000-00-00','0.000','','','','',0,0,'',0,'','','',1,1,60,NULL,1,'0000-00-00 00:00:00'),(1021,'rGFP4 F010','','','0.000','0.000','0.00000','0000-00-00','0.000','','','','',0,0,'',0,'','','',1,1,60,NULL,1,'0000-00-00 00:00:00'),(1022,'rGFP4 F011','','','0.000','0.000','0.00000','0000-00-00','0.000','','','','',0,0,'',0,'','','',1,1,60,NULL,1,'0000-00-00 00:00:00'),(1023,'rGFP4 F012','','','0.000','0.000','0.00000','0000-00-00','0.000','','','','',0,0,'',0,'','','',1,1,60,NULL,1,'0000-00-00 00:00:00'),(1024,'rGFP4 R01','','','0.000','0.000','0.00000','0000-00-00','0.000','','','','',0,0,'',0,'','','',1,1,60,NULL,1,'0000-00-00 00:00:00'),(1025,'rGFP4 R02','','','0.000','0.000','0.00000','0000-00-00','0.000','','','','',0,0,'',0,'','','',1,1,60,NULL,1,'0000-00-00 00:00:00'),(1026,'rGFP4 R03','','','0.000','0.000','0.00000','0000-00-00','0.000','','','','',0,0,'',0,'','','',1,1,60,NULL,1,'0000-00-00 00:00:00'),(1027,'rGFP4 R04','','','0.000','0.000','0.00000','0000-00-00','0.000','','','','',0,0,'',0,'','','',1,1,60,NULL,1,'0000-00-00 00:00:00'),(1028,'rGFP4 R05','','','0.000','0.000','0.00000','0000-00-00','0.000','','','','',0,0,'',0,'','','',1,1,60,NULL,1,'0000-00-00 00:00:00'),(1029,'rGFP4 R06','','','0.000','0.000','0.00000','0000-00-00','0.000','','','','',0,0,'',0,'','','',1,1,60,NULL,1,'0000-00-00 00:00:00'),(1030,'rGFP4 R07','','','0.000','0.000','0.00000','0000-00-00','0.000','','','','',0,0,'',0,'','','',1,1,60,NULL,1,'0000-00-00 00:00:00'),(1031,'rGFP4 R08','','','0.000','0.000','0.00000','0000-00-00','0.000','','','','',0,0,'',0,'','','',1,1,60,NULL,1,'0000-00-00 00:00:00'),(1032,'rGFP4 R09','','','0.000','0.000','0.00000','0000-00-00','0.000','','','','',0,0,'',0,'','','',1,1,60,NULL,1,'0000-00-00 00:00:00'),(1033,'rGFP4 R010','','','0.000','0.000','0.00000','0000-00-00','0.000','','','','',0,0,'',0,'','','',1,1,60,NULL,1,'0000-00-00 00:00:00'),(1034,'rGFP4 R011','','','0.000','0.000','0.00000','0000-00-00','0.000','','','','',0,0,'',0,'','','',1,1,60,NULL,1,'0000-00-00 00:00:00'),(1035,'rGFP4 R012','','','0.000','0.000','0.00000','0000-00-00','0.000','','','','',0,0,'',0,'','','',1,1,60,NULL,1,'0000-00-00 00:00:00'),(1036,'rGFP4 F01\'','','','0.000','0.000','0.00000','0000-00-00','0.000','','','','',0,0,'',0,'','','',1,1,60,NULL,1,'0000-00-00 00:00:00'),(1037,'rGFP4 F07\'','','','0.000','0.000','0.00000','0000-00-00','0.000','','','','',0,0,'',0,'','','',1,1,60,NULL,1,'0000-00-00 00:00:00'),(1038,'rGFP4 R01\'','','','0.000','0.000','0.00000','0000-00-00','0.000','','','','',0,0,'',0,'','','',1,1,60,NULL,1,'0000-00-00 00:00:00'),(1039,'rGFP4 R06\'','','','0.000','0.000','0.00000','0000-00-00','0.000','','','','',0,0,'',0,'','','',1,1,60,NULL,1,'0000-00-00 00:00:00'),(1040,'rGFP3 F01','','','0.000','0.000','0.00000','0000-00-00','0.000','','','','',0,0,'',0,'','','',1,1,60,NULL,1,'0000-00-00 00:00:00'),(1041,'rGFP3 R01','','','0.000','0.000','0.00000','0000-00-00','0.000','','','','',0,0,'',0,'','','',1,1,60,NULL,1,'0000-00-00 00:00:00'),(1042,'rGFP1_2 F01','','','0.000','0.000','0.00000','0000-00-00','0.000','','','','',0,0,'',0,'','','',1,1,60,NULL,1,'0000-00-00 00:00:00'),(1043,'rGFP1_2 F02','','','0.000','0.000','0.00000','0000-00-00','0.000','','','','',0,0,'',0,'','','',1,1,60,NULL,1,'0000-00-00 00:00:00'),(1044,'rGFP1_2 F03','','','0.000','0.000','0.00000','0000-00-00','0.000','','','','',0,0,'',0,'','','',1,1,60,NULL,1,'0000-00-00 00:00:00'),(1045,'rGFP1_2 F04','','','0.000','0.000','0.00000','0000-00-00','0.000','','','','',0,0,'',0,'','','',1,1,60,NULL,1,'0000-00-00 00:00:00'),(1046,'rGFP1_2 F05','','','0.000','0.000','0.00000','0000-00-00','0.000','','','','',0,0,'',0,'','','',1,1,60,NULL,1,'0000-00-00 00:00:00'),(1047,'rGFP1_2 F06','','','0.000','0.000','0.00000','0000-00-00','0.000','','','','',0,0,'',0,'','','',1,1,60,NULL,1,'0000-00-00 00:00:00'),(1048,'rGFP1_2 F07','','','0.000','0.000','0.00000','0000-00-00','0.000','','','','',0,0,'',0,'','','',1,1,60,NULL,1,'0000-00-00 00:00:00'),(1049,'rGFP1_2 F08','','','0.000','0.000','0.00000','0000-00-00','0.000','','','','',0,0,'',0,'','','',1,1,60,NULL,1,'0000-00-00 00:00:00'),(1050,'rGFP1_2 F09','','','0.000','0.000','0.00000','0000-00-00','0.000','','','','',0,0,'',0,'','','',1,1,60,NULL,1,'0000-00-00 00:00:00'),(1051,'rGFP1_2 F010','','','0.000','0.000','0.00000','0000-00-00','0.000','','','','',0,0,'',0,'','','',1,1,60,NULL,1,'0000-00-00 00:00:00'),(1052,'rGFP1_2 F011','','','0.000','0.000','0.00000','0000-00-00','0.000','','','','',0,0,'',0,'','','',1,1,60,NULL,1,'0000-00-00 00:00:00'),(1053,'rGFP1_2 F012','','','0.000','0.000','0.00000','0000-00-00','0.000','','','','',0,0,'',0,'','','',1,1,60,NULL,1,'0000-00-00 00:00:00'),(1054,'rGFP1_2 F013','','','0.000','0.000','0.00000','0000-00-00','0.000','','','','',0,0,'',0,'','','',1,1,60,NULL,1,'0000-00-00 00:00:00'),(1055,'rGFP1_2 R01','','','0.000','0.000','0.00000','0000-00-00','0.000','','','','',0,0,'',0,'','','',1,1,60,NULL,1,'0000-00-00 00:00:00'),(1056,'rGFP1_2 R02','','','0.000','0.000','0.00000','0000-00-00','0.000','','','','',0,0,'',0,'','','',1,1,60,NULL,1,'0000-00-00 00:00:00'),(1057,'rGFP1_2 R03','','','0.000','0.000','0.00000','0000-00-00','0.000','','','','',0,0,'',0,'','','',1,1,60,NULL,1,'0000-00-00 00:00:00'),(1058,'rGFP1_2 R04','','','0.000','0.000','0.00000','0000-00-00','0.000','','','','',0,0,'',0,'','','',1,1,60,NULL,1,'0000-00-00 00:00:00'),(1059,'rGFP1_2 R05','','','0.000','0.000','0.00000','0000-00-00','0.000','','','','',0,0,'',0,'','','',1,1,60,NULL,1,'0000-00-00 00:00:00'),(1060,'rGFP1_2 R06','','','0.000','0.000','0.00000','0000-00-00','0.000','','','','',0,0,'',0,'','','',1,1,60,NULL,1,'0000-00-00 00:00:00'),(1061,'rGFP1_2 R07','','','0.000','0.000','0.00000','0000-00-00','0.000','','','','',0,0,'',0,'','','',1,1,60,NULL,1,'0000-00-00 00:00:00'),(1062,'rGFP1_2 R08','','','0.000','0.000','0.00000','0000-00-00','0.000','','','','',0,0,'',0,'','','',1,1,60,NULL,1,'0000-00-00 00:00:00'),(1063,'rGFP1_2 R09','','','0.000','0.000','0.00000','0000-00-00','0.000','','','','',0,0,'',0,'','','',1,1,60,NULL,1,'0000-00-00 00:00:00'),(1064,'rGFP1_2 R010','','','0.000','0.000','0.00000','0000-00-00','0.000','','','','',0,0,'',0,'','','',1,1,60,NULL,1,'0000-00-00 00:00:00'),(1065,'rGFP1_2 R011','','','0.000','0.000','0.00000','0000-00-00','0.000','','','','',0,0,'',0,'','','',1,1,60,NULL,1,'0000-00-00 00:00:00'),(1066,'rGFP1_2 R012','','','0.000','0.000','0.00000','0000-00-00','0.000','','','','',0,0,'',0,'','','',1,1,60,NULL,1,'0000-00-00 00:00:00'),(1067,'rGFP1_2 R013','','','0.000','0.000','0.00000','0000-00-00','0.000','','','','',0,0,'',0,'','','',1,1,60,NULL,1,'0000-00-00 00:00:00'),(1068,'F Duet Clal','','','0.000','0.000','0.00000','0000-00-00','0.000','','','','',0,0,'',0,'','','',1,1,72,NULL,1,'0000-00-00 00:00:00'),(1069,'R Duet Clal','','','0.000','0.000','0.00000','0000-00-00','0.000','','','','',0,0,'',0,'','','',1,1,72,NULL,1,'0000-00-00 00:00:00'),(1070,'Intein F\'','','','0.000','0.000','0.00000','0000-00-00','0.000','','','','',0,0,'',0,'','','',1,1,72,NULL,1,'0000-00-00 00:00:00'),(1071,'Intein R\'','','','0.000','0.000','0.00000','0000-00-00','0.000','','','','',0,0,'',0,'','','',1,1,72,NULL,1,'0000-00-00 00:00:00'),(1072,'F Intein N226A','','','0.000','0.000','0.00000','0000-00-00','0.000','','','','',0,0,'',0,'','','',1,1,72,NULL,1,'0000-00-00 00:00:00'),(1073,'R Intein N226A','','','0.000','0.000','0.00000','0000-00-00','0.000','','','','',0,0,'',0,'','','',1,1,72,NULL,1,'0000-00-00 00:00:00'),(1074,'N BspHI_t7_HA4','','','0.000','0.000','0.00000','0000-00-00','0.000','','','','',0,0,'',0,'','','',1,1,72,NULL,1,'0000-00-00 00:00:00'),(1075,'C_Pst1_SP','','','0.000','0.000','0.00000','0000-00-00','0.000','','','','',0,0,'',0,'','','',1,1,72,NULL,1,'0000-00-00 00:00:00'),(1076,'F kan','','','0.000','0.000','0.00000','0000-00-00','0.000','','','','',0,0,'',0,'','','',1,1,72,NULL,1,'0000-00-00 00:00:00'),(1077,'R kan','','','0.000','0.000','0.00000','0000-00-00','0.000','','','','',0,0,'',0,'','','',1,1,72,NULL,1,'0000-00-00 00:00:00'),(1078,'F linker S_S7','','','0.000','0.000','0.00000','0000-00-00','0.000','','','','',0,0,'',0,'','','',1,1,72,NULL,1,'0000-00-00 00:00:00'),(1079,'R linker S_S7','','','0.000','0.000','0.00000','0000-00-00','0.000','','','','',0,0,'',0,'','','',1,1,72,NULL,1,'0000-00-00 00:00:00'),(1080,'F linker S_HA3','','','0.000','0.000','0.00000','0000-00-00','0.000','','','','',0,0,'',0,'','','',1,1,72,NULL,1,'0000-00-00 00:00:00'),(1081,'R linker S_HA3','','','0.000','0.000','0.00000','0000-00-00','0.000','','','','',0,0,'',0,'','','',1,1,72,NULL,1,'0000-00-00 00:00:00'),(1082,'F linker S_NA1','','','0.000','0.000','0.00000','0000-00-00','0.000','','','','',0,0,'',0,'','','',1,1,72,NULL,1,'0000-00-00 00:00:00'),(1083,'R linker S_NA1','','','0.000','0.000','0.00000','0000-00-00','0.000','','','','',0,0,'',0,'','','',1,1,72,NULL,1,'0000-00-00 00:00:00'),(1084,'F linker S_NA2','','','0.000','0.000','0.00000','0000-00-00','0.000','','','','',0,0,'',0,'','','',1,1,72,NULL,1,'0000-00-00 00:00:00'),(1085,'R linker S_NA2','','','0.000','0.000','0.00000','0000-00-00','0.000','','','','',0,0,'',0,'','','',1,1,72,NULL,1,'0000-00-00 00:00:00'),(1086,'C EcoRI SP','','','0.000','0.000','0.00000','0000-00-00','0.000','','','','',0,0,'',0,'','','',1,1,72,NULL,1,'0000-00-00 00:00:00'),(1087,'F HA6','','','0.000','0.000','0.00000','0000-00-00','0.000','','','','',0,0,'',0,'','','',1,1,72,NULL,1,'0000-00-00 00:00:00'),(1088,'R HA6','','','0.000','0.000','0.00000','0000-00-00','0.000','','','','',0,0,'',0,'','','',1,1,72,NULL,1,'0000-00-00 00:00:00'),(1089,'N BspHI_t7_HA3','','','0.000','0.000','0.00000','0000-00-00','0.000','','','','',0,0,'',0,'','','',1,1,72,NULL,1,'0000-00-00 00:00:00'),(1090,'C EcoRI_t7_HA3_1','','','0.000','0.000','0.00000','0000-00-00','0.000','','','','',0,0,'',0,'','','',1,1,72,NULL,1,'0000-00-00 00:00:00'),(1091,'BspHI_t7_HA1_2','','','0.000','0.000','0.00000','0000-00-00','0.000','','','','',0,0,'',0,'','','',1,1,72,NULL,1,'0000-00-00 00:00:00'),(1092,'N NcoI SPOPT','','','0.000','0.000','0.00000','0000-00-00','0.000','','','','',0,0,'',0,'','','',1,1,72,NULL,1,'0000-00-00 00:00:00'),(1093,'N NcoI t11SP','','','0.000','0.000','0.00000','0000-00-00','0.000','','','','',0,0,'',0,'','','',1,1,72,NULL,1,'0000-00-00 00:00:00'),(1094,'N NcoI t7SP','','','0.000','0.000','0.00000','0000-00-00','0.000','','','','',0,0,'',0,'','','',1,1,72,NULL,1,'0000-00-00 00:00:00'),(1095,'F HA5','','','0.000','0.000','0.00000','0000-00-00','0.000','','','','',0,0,'',0,'','','',1,1,72,NULL,1,'0000-00-00 00:00:00'),(1096,'R HA5','','','0.000','0.000','0.00000','0000-00-00','0.000','','','','',0,0,'',0,'','','',1,1,72,NULL,1,'0000-00-00 00:00:00'),(1097,'t7 F','','','0.000','0.000','0.00000','0000-00-00','0.000','','','','',0,0,'',0,'','','',1,1,72,NULL,1,'0000-00-00 00:00:00'),(1098,'t7 R','','','0.000','0.000','0.00000','0000-00-00','0.000','','','','',0,0,'',0,'','','',1,1,72,NULL,1,'0000-00-00 00:00:00'),(1099,'t8 F','','','0.000','0.000','0.00000','0000-00-00','0.000','','','','',0,0,'',0,'','','',1,1,72,NULL,1,'0000-00-00 00:00:00'),(1100,'t8 R','','','0.000','0.000','0.00000','0000-00-00','0.000','','','','',0,0,'',0,'','','',1,1,72,NULL,1,'0000-00-00 00:00:00'),(1101,'t7m','','','0.000','0.000','15.00000','0000-00-00','0.000','','','','',0,0,'',0,'','','',2,2,11,NULL,NULL,'0000-00-00 00:00:00'),(1102,'F09HA3','','','0.000','0.000','0.00000','0000-00-00','0.000','','','','',0,0,'',0,'','','',1,1,72,NULL,1,'0000-00-00 00:00:00'),(1103,'F10HA3','','','0.000','0.000','0.00000','0000-00-00','0.000','','','','',0,0,'',0,'','','',1,1,72,NULL,1,'0000-00-00 00:00:00'),(1104,'F12HA3','','','0.000','0.000','0.00000','0000-00-00','0.000','','','','',0,0,'',0,'','','',1,1,72,NULL,1,'0000-00-00 00:00:00'),(1105,'F13HA3','','','0.000','0.000','0.00000','0000-00-00','0.000','','','','',0,0,'',0,'','','',1,1,72,NULL,1,'0000-00-00 00:00:00'),(1106,'R08HA3','','','0.000','0.000','0.00000','0000-00-00','0.000','','','','',0,0,'',0,'','','',1,1,72,NULL,1,'0000-00-00 00:00:00'),(1107,'R09HA3','','','0.000','0.000','0.00000','0000-00-00','0.000','','','','',0,0,'',0,'','','',1,1,72,NULL,1,'0000-00-00 00:00:00'),(1108,'R11HA3','','','0.000','0.000','0.00000','0000-00-00','0.000','','','','',0,0,'',0,'','','',1,1,72,NULL,1,'0000-00-00 00:00:00'),(1109,'R12HA3','','','0.000','0.000','0.00000','0000-00-00','0.000','','','','',0,0,'',0,'','','',1,1,72,NULL,1,'0000-00-00 00:00:00'),(1110,'C Eco t11 EC','','','0.000','0.000','10.00000','0000-00-00','0.000','','','Concentration: uM','',0,0,'',0,'','','',1,1,72,NULL,1,'0000-00-00 00:00:00'),(1111,'R HA5','','','0.000','0.000','10.00000','0000-00-00','0.000','','','Concentration: uM','',0,0,'',0,'','','',1,1,72,NULL,1,'0000-00-00 00:00:00'),(1112,'F HA5','','','0.000','0.000','10.00000','0000-00-00','0.000','','','Concentration: uM','',0,0,'',0,'','','',1,1,72,NULL,1,'0000-00-00 00:00:00'),(1113,'C Eco t11 PB1HA2','','','0.000','0.000','10.00000','0000-00-00','0.000','','','Concentration: uM','',0,0,'',0,'','','',1,1,72,NULL,1,'0000-00-00 00:00:00'),(1114,'t8 R','','','0.000','0.000','10.00000','0000-00-00','0.000','','','Concentration: uM','',0,0,'',0,'','','',1,1,72,NULL,1,'0000-00-00 00:00:00'),(1115,'t8 F','','','0.000','0.000','10.00000','0000-00-00','0.000','','','Concentration: uM','',0,0,'',0,'','','',1,1,72,NULL,1,'0000-00-00 00:00:00'),(1116,'t7 R','','','0.000','0.000','10.00000','0000-00-00','0.000','','','Concentration: uM','',0,0,'',0,'','','',1,1,72,NULL,1,'0000-00-00 00:00:00'),(1117,'t7 F','','','0.000','0.000','10.00000','0000-00-00','0.000','','','Concentration: uM','',0,0,'',0,'','','',1,1,72,NULL,1,'0000-00-00 00:00:00'),(1118,'c Eco t7 HA3-2','','','0.000','0.000','0.00000','0000-00-00','0.000','','','Concentration: uM','',0,0,'',0,'','','',1,1,72,NULL,1,'0000-00-00 00:00:00'),(1119,'c Eco t7 HA3-1','','','0.000','0.000','10.00000','0000-00-00','0.000','','','Concentration: uM','',0,0,'',0,'','','',1,1,72,NULL,1,'0000-00-00 00:00:00'),(1120,'N BspH1 t7 HA3','','','0.000','0.000','10.00000','0000-00-00','0.000','','','Concentration: uM','',0,0,'',0,'','','',1,1,72,NULL,1,'0000-00-00 00:00:00'),(1121,'F link NA1','','','0.000','0.000','10.00000','0000-00-00','0.000','','','Concentration: uM','',0,0,'',0,'','','',1,1,72,NULL,NULL,'0000-00-00 00:00:00'),(1122,'R link NA1','','','0.000','0.000','10.00000','0000-00-00','0.000','','','Concentration: uM','',0,0,'',0,'','','',1,1,72,NULL,1,'0000-00-00 00:00:00'),(1123,'F link NA2','','','0.000','0.000','0.00000','0000-00-00','0.000','','','Concentration: uM','',0,0,'',0,'','','',1,1,72,NULL,1,'0000-00-00 00:00:00'),(1124,'F link NA2','','','0.000','0.000','10.00000','0000-00-00','0.000','','','Concentration: uM','',0,0,'',0,'','','',1,1,72,NULL,1,'0000-00-00 00:00:00'),(1125,'R link NA2','','','0.000','0.000','10.00000','0000-00-00','0.000','','','Concentration: uM','',0,0,'',0,'','','',1,1,72,NULL,1,'0000-00-00 00:00:00'),(1126,'C EcoRI SP','','','0.000','0.000','10.00000','0000-00-00','0.000','','','Concentration: uM','',0,0,'',0,'','','',1,1,72,NULL,1,'0000-00-00 00:00:00'),(1127,'R link HA3','','','0.000','0.000','10.00000','0000-00-00','0.000','','','Concentration: uM','',0,0,'',0,'','','',1,1,72,NULL,1,'0000-00-00 00:00:00'),(1128,'F link HA3','','','0.000','0.000','10.00000','0000-00-00','0.000','','','Concentration: uM','',0,0,'',0,'','','',1,1,72,NULL,1,'0000-00-00 00:00:00'),(1129,'R link S7','','','0.000','0.000','10.00000','0000-00-00','0.000','','','Concentration: uM','',0,0,'',0,'','','',1,1,72,NULL,1,'0000-00-00 00:00:00'),(1130,'F link S7','','','0.000','0.000','10.00000','0000-00-00','0.000','','','Concentration: uM','',0,0,'',0,'','','',1,1,72,NULL,1,'0000-00-00 00:00:00'),(1131,'R kan','','','0.000','0.000','10.00000','0000-00-00','0.000','','','Concentration: uM','',0,0,'',0,'','','',1,1,72,NULL,1,'0000-00-00 00:00:00'),(1132,'F kan','','','0.000','0.000','10.00000','0000-00-00','0.000','','','Concentration: uM','',0,0,'',0,'','','',1,1,72,NULL,1,'0000-00-00 00:00:00'),(1133,'C Pst1 SP','','','0.000','0.000','10.00000','0000-00-00','0.000','','','Concentration: uM','',0,0,'',0,'','','',1,1,72,NULL,1,'0000-00-00 00:00:00'),(1134,'N BspH1 t7 HA4','','','0.000','0.000','10.00000','0000-00-00','0.000','','','Concentration: uM','',0,0,'',0,'','','',1,1,72,NULL,1,'0000-00-00 00:00:00'),(1135,'Duet F','','','0.000','0.000','10.00000','0000-00-00','0.000','','','Concentration: uM','',0,0,'',0,'','','',1,1,72,NULL,1,'0000-00-00 00:00:00'),(1136,'Duet R','','','0.000','0.000','10.00000','0000-00-00','0.000','','','Concentration: uM','',0,0,'',0,'','','',1,1,72,NULL,1,'0000-00-00 00:00:00'),(1137,'intein F\'','','','0.000','0.000','10.00000','0000-00-00','0.000','','','Concentration: uM','',0,0,'',0,'','','',1,1,72,NULL,1,'0000-00-00 00:00:00'),(1138,'Intein R\'','','','0.000','0.000','10.00000','0000-00-00','0.000','','','Concentration: uM','',0,0,'',0,'','','',1,1,72,NULL,1,'0000-00-00 00:00:00'),(1139,'F intein N226A','','','0.000','0.000','10.00000','0000-00-00','0.000','','','Concentration: uM','',0,0,'',0,'','','',1,1,72,NULL,1,'0000-00-00 00:00:00'),(1140,'R intein N226A','','','0.000','0.000','10.00000','0000-00-00','0.000','','','Concentration: uM','',0,0,'',0,'','','',1,1,72,NULL,1,'0000-00-00 00:00:00'),(1141,'Intein Reverse Primer','','','0.000','0.000','1.00000','0000-00-00','0.000','','','One Step Protein Purification Box\r\nConcentration: pmol/ul','',0,0,'',0,'','','',1,1,86,NULL,1,'0000-00-00 00:00:00'),(1142,'T7 Universal Primer','','','0.000','0.000','1.00000','0000-00-00','0.000','','','One Step Protein Purification Box\r\nConcentration: pmol/ul','',0,0,'',0,'','','',1,1,86,NULL,1,'0000-00-00 00:00:00'),(1143,'pMYB5 DNA','','','0.000','0.000','0.20000','0000-00-00','0.000','','','One Step Protein Purification Box\r\nConcentration: mg/ml','',0,0,'',0,'','','',1,1,86,NULL,1,'0000-00-00 00:00:00'),(1144,'pTYB4 DNA','','','0.000','0.000','0.20000','0000-00-00','0.000','','','One Step Protein Purification\r\nConcentration:mg/ml','',0,0,'',0,'','','',1,1,86,NULL,1,'0000-00-00 00:00:00'),(1145,'pTYB3','','','0.000','0.000','0.20000','0000-00-00','0.000','','','One Step Protein Purification Box\r\nConcentration:mg/ml','',0,0,'',0,'','','',1,1,86,NULL,NULL,'0000-00-00 00:00:00'),(1146,'anti-Chitin Binding Domain Serum','','','0.000','0.000','0.00000','0000-00-00','0.000','','','One Step Protein Purification Box\r\n','',0,0,'',0,'','','',1,1,86,NULL,NULL,'0000-00-00 00:00:00'),(1147,'E. Coli B ER2566','','','0.000','0.000','0.00000','0000-00-00','0.000','','','One Step Protein Purification Box\r\n','',0,0,'',0,'','','',1,1,86,NULL,NULL,'0000-00-00 00:00:00'),(1148,'pTYB2 DNA','','','0.000','0.000','0.20000','0000-00-00','0.000','','','One Step Protein Purification Box\r\nConcentration:mg/ml','',0,0,'',0,'','','',1,1,86,NULL,1,'0000-00-00 00:00:00'),(1149,'pTYB1','','','0.000','0.000','200.00000','0000-00-00','0.000','','','One Step Protein Purification Box\r\nConcentration:ug/ml','',0,0,'',0,'','','',1,1,86,NULL,NULL,'0000-00-00 00:00:00'),(1150,'3X SDS Sample Buffer','','','0.000','0.000','0.00000','0000-00-00','0.000','','','One Step Protein Purification Box','',0,0,'',0,'','','',1,1,86,NULL,NULL,'0000-00-00 00:00:00'),(1151,'DTT','','','0.000','0.000','0.00000','0000-00-00','0.000','','','One Step Protein Purification Box\r\nConcentration: 1M','',0,0,'',0,'','','',1,1,86,NULL,NULL,'0000-00-00 00:00:00'),(1152,'L11 R','','','0.000','0.000','100.00000','0000-00-00','0.000','','','Concentration: uM','',0,0,'',0,'','','',1,1,87,NULL,1,'0000-00-00 00:00:00'),(1153,'L11 F','','','0.000','0.000','100.00000','0000-00-00','0.000','','','Concentration: uM','',0,0,'',0,'','','',1,1,87,NULL,1,'0000-00-00 00:00:00'),(1154,'s7 Omit F','','','0.000','0.000','0.00000','0000-00-00','0.000','','','','',0,0,'',0,'','','',1,1,87,NULL,NULL,'0000-00-00 00:00:00'),(1155,'s7 Omit R','','','0.000','0.000','0.00000','0000-00-00','0.000','','','','',0,0,'',0,'','','',1,1,87,NULL,NULL,'0000-00-00 00:00:00'),(1156,'Fwd F32S','','','0.000','0.000','200.00000','0000-00-00','0.000','','','Concentration: uM','',0,0,'',0,'','','',1,1,87,NULL,1,'0000-00-00 00:00:00'),(1157,'Reverse F32S','','','0.000','0.000','200.00000','0000-00-00','0.000','','','Concentration: uM','',0,0,'',0,'','','',1,1,87,NULL,1,'0000-00-00 00:00:00'),(1158,'Forward Ras Deletion','','','0.000','0.000','200.00000','0000-00-00','0.000','','','Concentration: uM','',0,0,'',0,'','','',1,1,87,NULL,1,'0000-00-00 00:00:00'),(1159,'Reverse Ras Deletion','','','0.000','0.000','200.00000','0000-00-00','0.000','','','Concentration: uM','',0,0,'',0,'','','',1,1,87,NULL,1,'0000-00-00 00:00:00'),(1160,'Forward Raf Deletion','','','0.000','0.000','200.00000','0000-00-00','0.000','','','Concentration: uM','',0,0,'',0,'','','',1,1,87,NULL,1,'0000-00-00 00:00:00'),(1161,'Reverse Raf Deletion','','','0.000','0.000','200.00000','0000-00-00','0.000','','','Concentration: uM','',0,0,'',0,'','','',1,1,87,NULL,1,'0000-00-00 00:00:00'),(1162,'','','','0.000','0.000','0.00000','0000-00-00','0.000','','','','',0,0,'',0,'','','',NULL,NULL,NULL,NULL,NULL,'0000-00-00 00:00:00'),(1163,'','','','0.000','0.000','0.00000','0000-00-00','0.000','','','','',0,0,'',0,'','','',NULL,NULL,NULL,NULL,NULL,'0000-00-00 00:00:00'),(1164,'','','','0.000','0.000','0.00000','0000-00-00','0.000','','','','',0,0,'',0,'','','',NULL,NULL,NULL,NULL,NULL,'0000-00-00 00:00:00'),(1165,'','','','0.000','0.000','0.00000','0000-00-00','0.000','','','','',0,0,'',0,'','','',NULL,NULL,NULL,NULL,NULL,'0000-00-00 00:00:00'),(1166,'','','','0.000','0.000','0.00000','0000-00-00','0.000','','','','',0,0,'',0,'','','',NULL,NULL,NULL,NULL,NULL,'0000-00-00 00:00:00'),(1167,'F145W','','','0.000','0.000','0.00000','0000-00-00','0.000','','','','',0,0,'',0,'','','',NULL,NULL,NULL,NULL,NULL,'0000-00-00 00:00:00'),(1168,'F145G','','','0.000','0.000','0.00000','0000-00-00','0.000','','','','',0,0,'',0,'','','',NULL,NULL,NULL,NULL,NULL,'0000-00-00 00:00:00'),(1169,'acella','','','0.000','0.000','0.00000','0000-00-00','0.000','','','','',0,0,'',0,'','','',NULL,NULL,NULL,NULL,NULL,'0000-00-00 00:00:00'),(1170,'competent','','','0.000','0.000','0.00000','0000-00-00','0.000','','','','',0,0,'',0,'','','',NULL,NULL,NULL,NULL,NULL,'0000-00-00 00:00:00'),(1171,'opt','','','0.000','0.000','0.00000','0000-00-00','0.000','','','','',0,0,'',0,'','','',NULL,NULL,NULL,NULL,NULL,'0000-00-00 00:00:00'),(1172,'loo','','','0.000','0.000','0.00000','0000-00-00','0.000','','','','',0,0,'',0,'','','',NULL,NULL,NULL,NULL,NULL,'0000-00-00 00:00:00'),(1173,'stgfp','','','0.000','0.000','0.00000','0000-00-00','0.000','','','','',0,0,'',0,'','','',NULL,NULL,NULL,NULL,NULL,'0000-00-00 00:00:00'),(1174,'loo11','','','0.000','0.000','0.00000','0000-00-00','0.000','','','','',0,0,'',0,'','','',NULL,NULL,NULL,NULL,NULL,'0000-00-00 00:00:00'),(1175,'t11','','','0.000','0.000','0.00000','0000-00-00','0.000','','','','',0,0,'',0,'','','',NULL,NULL,NULL,NULL,NULL,'0000-00-00 00:00:00'),(1176,'t4','','','0.000','0.000','0.00000','0000-00-00','0.000','','','','',0,0,'',0,'','','',NULL,NULL,NULL,NULL,NULL,'0000-00-00 00:00:00'),(1177,'','','','0.000','0.000','0.00000','0000-00-00','0.000','','','','',0,0,'',0,'','','',NULL,NULL,NULL,NULL,NULL,'0000-00-00 00:00:00'),(1178,'Tev Protease','','','1.000','0.000','0.00000','2013-04-15','0.000','','','','',0,0,'',0,'','','',2,2,39,10,2,'0000-00-00 00:00:00'),(1179,'t10','','','0.000','0.000','0.00000','0000-00-00','0.000','','','','',0,0,'',0,'','','',NULL,NULL,NULL,NULL,NULL,'0000-00-00 00:00:00'),(1180,'xl1','','','0.000','0.000','0.00000','0000-00-00','0.000','','','','',0,0,'',0,'','','',NULL,NULL,NULL,NULL,NULL,'0000-00-00 00:00:00'),(1181,'acella','','','0.000','0.000','0.00000','0000-00-00','0.000','','','','',0,0,'',0,'','','',NULL,NULL,NULL,NULL,NULL,'0000-00-00 00:00:00'),(1182,'','','','0.000','0.000','0.00000','0000-00-00','0.000','','','','',0,0,'',0,'','','',NULL,NULL,NULL,NULL,NULL,'0000-00-00 00:00:00'),(1183,'w57g','','','0.000','0.000','0.00000','0000-00-00','0.000','','','','',0,0,'',0,'','','',NULL,NULL,NULL,NULL,NULL,'0000-00-00 00:00:00'),(1184,'loo9','','','0.000','0.000','0.00000','0000-00-00','0.000','','','','',0,0,'',0,'','','',NULL,NULL,NULL,NULL,NULL,'0000-00-00 00:00:00'),(1185,'t9','','','0.000','0.000','0.00000','0000-00-00','0.000','','','','',0,0,'',0,'','','',NULL,NULL,NULL,NULL,NULL,'0000-00-00 00:00:00'),(1186,'t11','','','0.000','0.000','0.00000','0000-00-00','0.000','','','','',0,0,'',0,'','','',NULL,NULL,NULL,NULL,NULL,'0000-00-00 00:00:00'),(1187,'cp','','','0.000','0.000','0.00000','0000-00-00','0.000','','','','',0,0,'',0,'','','',NULL,NULL,NULL,NULL,NULL,'0000-00-00 00:00:00'),(1188,'t4','','','0.000','0.000','0.00000','0000-00-00','0.000','','','','',0,0,'',0,'','','',NULL,NULL,NULL,NULL,NULL,'0000-00-00 00:00:00'),(1189,'c7','','','0.000','0.000','0.00000','0000-00-00','0.000','','','','',0,0,'',0,'','','',NULL,NULL,NULL,NULL,NULL,'0000-00-00 00:00:00'),(1190,'c4','','','0.000','0.000','0.00000','0000-00-00','0.000','','','','',0,0,'',0,'','','',NULL,NULL,NULL,NULL,NULL,'0000-00-00 00:00:00'),(1191,'c11sp','','','0.000','0.000','0.00000','0000-00-00','0.000','','','','',0,0,'',0,'','','',NULL,NULL,NULL,NULL,NULL,'0000-00-00 00:00:00');
/*!40000 ALTER TABLE `samples` ENABLE KEYS */;
UNLOCK TABLES;

--
-- Table structure for table `sublocations`
--

DROP TABLE IF EXISTS `sublocations`;
/*!40101 SET @saved_cs_client     = @@character_set_client */;
/*!40101 SET character_set_client = utf8 */;
CREATE TABLE `sublocations` (
  `id` int(11) NOT NULL AUTO_INCREMENT,
  `value` varchar(255) NOT NULL,
  `location` int(11) NOT NULL,
  PRIMARY KEY (`id`),
  UNIQUE KEY `VALUE` (`value`),
  KEY `LOCATION` (`location`),
  KEY `LOCATION_idx` (`location`),
  CONSTRAINT `LOCATION` FOREIGN KEY (`location`) REFERENCES `locations` (`id`) ON DELETE NO ACTION ON UPDATE NO ACTION
) ENGINE=InnoDB AUTO_INCREMENT=7 DEFAULT CHARSET=utf8;
/*!40101 SET character_set_client = @saved_cs_client */;

--
-- Dumping data for table `sublocations`
--

LOCK TABLES `sublocations` WRITE;
/*!40000 ALTER TABLE `sublocations` DISABLE KEYS */;
INSERT INTO `sublocations` VALUES (1,'No food 1',1),(2,'-80 Freezer',2),(3,'29-80 Freezer',2),(4,'No food 3',1),(5,'No food 2',1),(6,'+4 Small fridge',1);
/*!40000 ALTER TABLE `sublocations` ENABLE KEYS */;
UNLOCK TABLES;

--
-- Table structure for table `types`
--

DROP TABLE IF EXISTS `types`;
/*!40101 SET @saved_cs_client     = @@character_set_client */;
/*!40101 SET character_set_client = utf8 */;
CREATE TABLE `types` (
  `id` int(11) NOT NULL AUTO_INCREMENT,
  `value` varchar(45) DEFAULT NULL,
  PRIMARY KEY (`id`),
  UNIQUE KEY `value_UNIQUE` (`value`)
) ENGINE=InnoDB AUTO_INCREMENT=6 DEFAULT CHARSET=utf8;
/*!40101 SET character_set_client = @saved_cs_client */;

--
-- Dumping data for table `types`
--

LOCK TABLES `types` WRITE;
/*!40000 ALTER TABLE `types` DISABLE KEYS */;
INSERT INTO `types` VALUES (5,'Cell'),(1,'DNA'),(2,'Protein'),(3,'Reagent'),(4,'RNA');
/*!40000 ALTER TABLE `types` ENABLE KEYS */;
UNLOCK TABLES;
/*!40103 SET TIME_ZONE=@OLD_TIME_ZONE */;

/*!40101 SET SQL_MODE=@OLD_SQL_MODE */;
/*!40014 SET FOREIGN_KEY_CHECKS=@OLD_FOREIGN_KEY_CHECKS */;
/*!40014 SET UNIQUE_CHECKS=@OLD_UNIQUE_CHECKS */;
/*!40101 SET CHARACTER_SET_CLIENT=@OLD_CHARACTER_SET_CLIENT */;
/*!40101 SET CHARACTER_SET_RESULTS=@OLD_CHARACTER_SET_RESULTS */;
/*!40101 SET COLLATION_CONNECTION=@OLD_COLLATION_CONNECTION */;
/*!40111 SET SQL_NOTES=@OLD_SQL_NOTES */;

-- Dump completed on 2013-06-14 14:28:23
